job_title,job_url,job_description
(2027 Bachelor's/Master's graduates) Economics Consulting Analyst/Associate,https://job-boards.greenhouse.io/charlesriverassociates/jobs/7894191,"(2027 Bachelor's/Master's graduates) Economics Consulting Analyst/Associate
Boston, MA, United States; Chicago, IL, United States; Los Angeles, CA, United States; New York, NY, United States; Oakland, CA, United States; Tallahassee, FL, United States; Washington, DC, United States
Apply

If your background is in Economics, Business, Finance, Financial Economics, Accounting, Statistics, Mathematics, Computer Science, or any other major focused on quantitative research, learn more about CRA!

About Charles River Associates

Charles River Associates is a leading global consulting firm that provides economic, financial, and business management expertise to major law firms, corporations and governments around the world. CRA advises clients on economic and financial matters pertaining to litigation and regulatory proceedings, and guides corporations through critical business strategy and performance-related issues. Since 1965, clients have engaged CRA for its combination of industry experience and rigorous, fact-based analysis that provide clients with clear, implementable solutions to complex business concerns.

Practices seeking to hire candidates with this profile include (hiring locations listed):

Antitrust & Competition (Boston, Chicago, Oakland)
Our Competition practice economists provide analysis and testimony in matters involving mergers and acquisitions, antitrust litigation, and global competition policy.
Energy (Boston, New York, Washington, DC)
The Energy team provides expert witness services for civil litigation, international arbitration, and regulatory proceedings, much of it in the electricity and gas markets.
Finance (Boston, Chicago)
Our Finance experts work on valuation issues (shareholder class actions and other corporate valuation disputes), as well as matters focused on the functioning of financial markets and institutions (alleged market manipulation and insider trading).
Labor & Employment (Chicago, College Station, Los Angeles, New York, Tallahassee, Washington, DC)
We provide in-depth analysis, expert reports, testimony, and advisory services to clients involved in complex labor and employment issues such as wage and hour litigation and pay equity disputes.

Learn more about our work by reviewing our Services and Industries on our website.

Position Overview

Work alongside, and in a collaborative environment with, talented and diverse colleagues, including PhD-trained economists, finance and accounting professionals (CFAs and CPAs), and valuation experts;
Conduct economic and industry research while analyzing client materials to build an understanding of a case’s issues;
Perform/develop financial and economic analyses or valuation models to support case theories and present those results to colleagues and clients;
Program, build models, and perform regression analyses using languages such as Excel, Stata, R, Python, SQL, or SAS; or Cloud computing (Databricks/Spark, Google Cloud, Azure, AWS);
Develop familiarity with data that serves as input to these analyses, including company transactional data (e.g., confidential sales data or win/loss data), financial reporting, accounting statements, and social and economic survey data, as well as non-financial measures of organizational performance;
Review and summarize analyst reports, academic literature, client documents, depositions, license agreements, and industry trade press;
Assist in the production and development of research summaries, expert reports, and the presentation of findings, including creation of visuals like tables and charts;
Ensure reliability of analysis through quality control review.

Check out our blog about a typical day at CRA and how you can make an impact!

Desired Qualifications

Bachelor’s or Master’s degree candidates graduating December 2026/Summer 2027 with an academic focus on quantitative research (Economics, Business, Finance, Financial Economics, Accounting, Statistics, Mathematics, Computer Science or related field);
Completion of an honors thesis, research apprenticeship, or research seminar program is highly desired;
Demonstrated understanding of, and ability to explain, economic, financial and/or accounting concepts, and quantitative and qualitative analysis methods;
Experience in Excel, Stata, Python, R, SQL, SAS, ArcGIS/ArcPy, or Cloud computing (Databricks/Spark, Google Cloud, Azure, AWS);
Curious and analytical thinkers who bring creative approaches to non-standard problems;
Effective written and oral communication skills;
Eagerness to learn new skills and programming languages;
Demonstrated high level of initiative and leadership;
Demonstrated attention to detail and commitment to producing accurate, high-quality work;
Strong teamwork and collaboration capabilities;
Excellent time management and task prioritization skills;
Clear and demonstrated interest in consulting through coursework, work experience, activities, or attendance at CRA recruiting events.

To Apply

To be considered for a position in the United States, we require the following:

Resume – please include current address, personal email and telephone number;
Cover letter – please describe your interest in CRA and how this role matches your goals. Also, please note if you have interest in a particular practice and/or a location preference;
Transcript – may be unofficial. Note: you must be graduating from a bachelor's or master's degree program for this role. If you are graduating from an MBA/PhD program or have work experience, please visit our Careers site to see current open roles;
Writing Sample – we prefer a sole-authored submission from an existing work (class paper, thesis, internship, or work product) that includes your commentary on a quantitative analysis and/or relevant to the field of economics.

If you are interested in applying for one of our international locations, please visit our Careers site to view and apply for available jobs.

Please also note that candidate resume review will commence August 17, and continue on a rolling basis until positions are filled.

Career Growth and Benefits 

CRA’s robust skills development programs, including a commitment to offering 100 hours of training annually through formal and informal programs, encourage you to thrive as an individual and team member. Beginning with research and analysis skill building, training continues with technical training, presentation skills, internal seminars, and career mentoring and performance coaching from an assigned senior colleague. Additional leadership and collaboration opportunities exist through internal firm development activities.
We offer a comprehensive total rewards program including a superior benefits package, wellness programming to support physical, mental, emotional and financial well-being, and in-house immigration support for foreign nationals and international business travelers.

Work Location Flexibility

CRA creates a work environment that enables our colleagues to benefit from being together in the office to best deliver on our promise of career growth, mentorship and inclusivity. At the same time, we recognize that individuals realize a range of benefits when working from home periodically. We currently expect that individuals spend at least 3 to 4 days a week working in the office (which may include traveling to another CRA office or to client meetings), with specific days determined in coordination with your practice or team.

Our Commitment to Equal Employment Opportunity

Charles River Associates is an equal opportunity employer (EOE). All qualified applicants will receive consideration for employment without regard to race, color, religion, sex, national origin, age, disability, status as a protected veteran, or any other protected characteristic under applicable law.

 

 

Salary and other compensation

A good-faith estimate of the annual base salary range for this position is $92,500-$100,000. Starting pay within this range may vary based on factors such as education level, experience, skills, geographic location, market conditions, and other qualifications of the successful candidate. This position may be eligible for additional bonus incentive compensation. CRA offers a comprehensive benefits package, subject to eligibility requirements, which may include: medical, dental, and vision insurance; 401(k) retirement plan with employer match; life and disability insurance; paid time off (vacation, sick leave, holidays); paid parental leave; wellness programs and employee assistance resources; and commuter benefits.

Create a Job Alert

Interested in building your career at Charles River Associates? Get future opportunities sent straight to your email.

Create alert
Apply for this job

*

indicates a required field

Autofill my application
First Name*
Last Name*
Preferred First Name
Email*
Phone
Country*.remix-css-b62m3t-container{position:relative;box-sizing:border-box;}
.remix-css-7pg0cj-a11yText{z-index:9999;border:0;clip:rect(1px, 1px, 1px, 1px);height:1px;width:1px;position:absolute;overflow:hidden;padding:0;white-space:nowrap;}
.remix-css-13cymwt-control{-webkit-align-items:center;-webkit-box-align:center;-ms-flex-align:center;align-items:center;cursor:default;display:-webkit-box;display:-webkit-flex;display:-ms-flexbox;display:flex;-webkit-box-flex-wrap:wrap;-webkit-flex-wrap:wrap;-ms-flex-wrap:wrap;flex-wrap:wrap;-webkit-box-pack:justify;-webkit-justify-content:space-between;justify-content:space-between;min-height:38px;outline:0!important;position:relative;-webkit-transition:all 100ms;transition:all 100ms;background-color:hsl(0, 0%, 100%);border-color:hsl(0, 0%, 80%);border-radius:4px;border-style:solid;border-width:1px;box-sizing:border-box;}.remix-css-13cymwt-control:hover{border-color:hsl(0, 0%, 70%);}
.remix-css-hlgwow{-webkit-align-items:center;-webkit-box-align:center;-ms-flex-align:center;align-items:center;display:grid;-webkit-flex:1;-ms-flex:1;flex:1;-webkit-box-flex-wrap:wrap;-webkit-flex-wrap:wrap;-ms-flex-wrap:wrap;flex-wrap:wrap;-webkit-overflow-scrolling:touch;position:relative;overflow:hidden;padding:2px 8px;box-sizing:border-box;}
.remix-css-1jqq78o-placeholder{grid-area:1/1/2/3;color:hsl(0, 0%, 50%);margin-left:2px;margin-right:2px;box-sizing:border-box;}
.remix-css-19bb58m{visibility:visible;-webkit-flex:1 1 auto;-ms-flex:1 1 auto;flex:1 1 auto;display:inline-grid;grid-area:1/1/2/3;grid-template-columns:0 min-content;margin:2px;padding-bottom:2px;padding-top:2px;color:hsl(0, 0%, 20%);box-sizing:border-box;}.remix-css-19bb58m:after{content:attr(data-value) "" "";visibility:hidden;white-space:pre;grid-area:1/2;font:inherit;min-width:2px;border:0;margin:0;outline:0;padding:0;}
.remix-css-1wy0on6{-webkit-align-items:center;-webkit-box-align:center;-ms-flex-align:center;align-items:center;-webkit-align-self:stretch;-ms-flex-item-align:stretch;align-self:stretch;display:-webkit-box;display:-webkit-flex;display:-ms-flexbox;display:flex;-webkit-flex-shrink:0;-ms-flex-negative:0;flex-shrink:0;box-sizing:border-box;}
.remix-css-1a0ro4n-requiredInput{opacity:0;pointer-events:none;position:absolute;bottom:0;left:0;right:0;width:100%;}
Phone*
Location (City)*
Locate me
Resume/CV*
AttachAttach
Dropbox
Google Drive
Enter manuallyEnter manually

Accepted file types: pdf, doc, docx, txt, rtf

Cover Letter*
AttachAttach
Dropbox
Google Drive
Enter manuallyEnter manually

Accepted file types: pdf, doc, docx, txt, rtf

Education

School*
Select...
Degree*
Select...
Discipline*
Select...
End date month*
Select...
End date year*
Add another
Secondary/Dual Major Discipline
Select...

Please select your second or dual major field. If none, leave blank.

Minor/Concentration Discipline
Select...

Please select your academic minor or concentration discipline. If none, leave blank.

Other Discipline (if not listed)

If your academic field is not listed (for secondary/dual or minor/concentration), please indicate field(s) here.

GPA / Degree Class*
Select...
Transcript (Undergraduate)*
AttachAttach
Dropbox
Google Drive

Accepted file types: pdf, doc, docx, txt, rtf

Please attach your undergraduate transcript (may be unofficial version).

Transcript (Graduate, if applicable)
AttachAttach
Dropbox
Google Drive

Accepted file types: pdf, doc, docx, txt, rtf

Please attach your graduate transcript, if applicable (may be unofficial version).

Writing sample *
AttachAttach
Dropbox
Google Drive

Accepted file types: pdf, doc, docx, txt, rtf

Please attach your writing sample.

LinkedIn Profile

Please provide your LinkedIn profile.

Practice Preference #1*
Select...

Please indicate your primary practice preference.

Practice Preference #2
Select...

Please indicate your second practice preference.

Location preference #1*
Select...

Please indicate your preferred location.

Location preference #2
Select...

Please indicate your second preference location.

Language Fluency*
Select...

Please indicate below any languages with which you have business-level fluency.

CRA asks colleagues to work in their designated office 3-4 days per week on average. Are you available to come into the office 3-4 days per week?*
Select...
Start Date*

Please indicate your earliest availability to start with CRA (not binding).

Do you have data or research experience outside of classwork?*
Select...
Please indicate which programming tools you have used for coursework or classroom assignments? (Please select all that apply) *
STATA
Python
R
SQL
SAS
ArcGIS/ArcPy
Cloud computing (Databricks/Spark, Google Cloud, Azure, AWS – Amazon Web Services)
None
Please indicate which programming tools you have used outside of classroom assignments (e.g., independent research, thesis projects, research assistantships, internships, or other relevant experiences)? (Please select all that apply) *
STATA
Python
R
SQL
SAS
ArcGIS/ArcPy
Cloud computing (Databricks/Spark, Google Cloud, Azure, AWS – Amazon Web Services)
None
Work Eligibility*
Select...

Are you currently eligible to work in the United States of America?

Will you now, or in the future, require CRA to commence (sponsor) an immigration case in order to employ you (for example, H1-B or other employment-based immigration case)?*
Select...
Privacy Notice *
Acknowledge

CRA is committed to maintaining the accuracy, confidentiality and security of your personal information. CRA’s Privacy Notice describes the personal data that CRA collects from or about you, how it is used and with whom it is disclosed to. Please click to view CRA’s Privacy Notice, and acknowledge receipt.

Voluntary Self-Identification

For government reporting purposes, we ask candidates to respond to the below self-identification survey. Completion of the form is entirely voluntary. Whatever your decision, it will not be considered in the hiring process or thereafter. Any information that you do provide will be recorded and maintained in a confidential file.

As set forth in Charles River Associates’s Equal Employment Opportunity policy, we do not discriminate on the basis of any protected group status under any applicable law.

Gender
Select...
Are you Hispanic/Latino?
Select...
Race & Ethnicity Definitions

If you believe you belong to any of the categories of protected veterans listed below, please indicate by making the appropriate selection. As a government contractor subject to the Vietnam Era Veterans Readjustment Assistance Act (VEVRAA), we request this information in order to measure the effectiveness of the outreach and positive recruitment efforts we undertake pursuant to VEVRAA. Classification of protected categories is as follows:

A ""disabled veteran"" is one of the following: a veteran of the U.S. military, ground, naval or air service who is entitled to compensation (or who but for the receipt of military retired pay would be entitled to compensation) under laws administered by the Secretary of Veterans Affairs; or a person who was discharged or released from active duty because of a service-connected disability.

A ""recently separated veteran"" means any veteran during the three-year period beginning on the date of such veteran's discharge or release from active duty in the U.S. military, ground, naval, or air service.

An ""active duty wartime or campaign badge veteran"" means a veteran who served on active duty in the U.S. military, ground, naval or air service during a war, or in a campaign or expedition for which a campaign badge has been authorized under the laws administered by the Department of Defense.

An ""Armed forces service medal veteran"" means a veteran who, while serving on active duty in the U.S. military, ground, naval or air service, participated in a United States military operation for which an Armed Forces service medal was awarded pursuant to Executive Order 12985.

Veteran Status
Select...
Submit application

Powered by

Greenhouse
((STORAGE_KEY, restoreKey) => { if (!window.history.state || !window.history.state.key) { let key = Math.random().toString(32).slice(2); window.history.replaceState({ key }, """"); } try { let positions = JSON.parse(sessionStorage.getItem(STORAGE_KEY) || ""{}""); let storedY = positions[restoreKey || window.history.state.key]; if (typeof storedY === ""number"") { window.scrollTo(0, storedY); } } catch (error) { console.error(error); sessionStorage.removeItem(STORAGE_KEY); } })(""positions"", null)window.ENV = {""ASSET_URL"":""https://job-boards.cdn.greenhouse.io"",""EMAIL_ADDRESS_VALIDATOR_HOST"":""email-address-validator.us.greenhouse.io"",""JBEN_URL"":""https://boards.greenhouse.io"",""LOCATION_CONTROL_PROVIDER"":""pelias"",""LOCATION_CONTROL_API_KEY"":""ge-39f1178289d5d0c5"",""LOCATION_CONTROL_BASE_URL"":""https://api-geocode-earth-proxy.greenhouse.io/"",""LOTUS_GIT_COMMIT"":""33d5f6438f804ee219c51254241aba6c1dbb089b"",""MAX_POSTS_PER_PAGE"":50,""ROLLBAR_ENV"":""production"",""ROLLBAR_FE_ENABLED"":true,""ROLLBAR_POST_CLIENT_ITEM_TOKEN"":""fb557f59a5a84ab788801dd742eacf34"",""ROLLBAR_FILTER_HYDRATION_ERRORS"":true,""GOOGLE_PICKER_APP_ID"":""594601915089"",""GOOGLE_PICKER_DEVELOPER_KEY"":""AIzaSyBeoz4WOjOsy8ZJFIkkQBvL8BZQCzLplHQ"",""GOOGLE_PICKER_CLIENT_ID"":""594601915089-7c2994029qkt5qu2tmbppujr9jqrqqrs.apps.googleusercontent.com"",""DROPBOX_CHOOSER_API_KEY"":""mh9jyh4mfwjnfhj"",""GOOGLE_RECAPTCHA_INVISIBLE_KEY"":""6LfmcbcpAAAAAChNTbhUShzUOAMj_wY9LQIvLFX0"",""GOOGLE_RECAPTCHA_ENDPOINT"":""https://www.recaptcha.net/recaptcha/enterprise.js"",""JOB_SEEKERS_URL"":""https://my.greenhouse.io"",""SNOWPLOW_APP_ID"":""job-board-renderer"",""SNOWPLOW_ENABLED"":true,""SNOWPLOW_ENDPOINT"":""c.spl.greenhouse.io"",""SNOWPLOW_NAMESPACE"":""job-board-renderer-tracker"",""SNOWPLOW_DEBUG"":false,""TRACK_STATUS_DESIGN_VARIANTS"":true}window.__remixContext = {""basename"":""/"",""future"":{""v3_fetcherPersist"":false,""v3_relativeSplatPath"":false,""v3_throwAbortReason"":false,""v3_routeConfig"":false,""v3_singleFetch"":false,""v3_lazyRouteDiscovery"":false,""unstable_optimizeDeps"":false},""isSpaMode"":false,""state"":{""loaderData"":{""root"":{""internal"":false,""preview"":false,""locale"":""en"",""href"":""http://job-boards.greenhouse.io/charlesriverassociates/jobs/7894191"",""ENV"":{""ASSET_URL"":""https://job-boards.cdn.greenhouse.io"",""EMAIL_ADDRESS_VALIDATOR_HOST"":""email-address-validator.us.greenhouse.io"",""JBEN_URL"":""https://boards.greenhouse.io"",""LOCATION_CONTROL_PROVIDER"":""pelias"",""LOCATION_CONTROL_API_KEY"":""ge-39f1178289d5d0c5"",""LOCATION_CONTROL_BASE_URL"":""https://api-geocode-earth-proxy.greenhouse.io/"",""LOTUS_GIT_COMMIT"":""33d5f6438f804ee219c51254241aba6c1dbb089b"",""MAX_POSTS_PER_PAGE"":50,""ROLLBAR_ENV"":""production"",""ROLLBAR_FE_ENABLED"":true,""ROLLBAR_POST_CLIENT_ITEM_TOKEN"":""fb557f59a5a84ab788801dd742eacf34"",""ROLLBAR_FILTER_HYDRATION_ERRORS"":true,""GOOGLE_PICKER_APP_ID"":""594601915089"",""GOOGLE_PICKER_DEVELOPER_KEY"":""AIzaSyBeoz4WOjOsy8ZJFIkkQBvL8BZQCzLplHQ"",""GOOGLE_PICKER_CLIENT_ID"":""594601915089-7c2994029qkt5qu2tmbppujr9jqrqqrs.apps.googleusercontent.com"",""DROPBOX_CHOOSER_API_KEY"":""mh9jyh4mfwjnfhj"",""GOOGLE_RECAPTCHA_INVISIBLE_KEY"":""6LfmcbcpAAAAAChNTbhUShzUOAMj_wY9LQIvLFX0"",""GOOGLE_RECAPTCHA_ENDPOINT"":""https://www.recaptcha.net/recaptcha/enterprise.js"",""JOB_SEEKERS_URL"":""https://my.greenhouse.io"",""SNOWPLOW_APP_ID"":""job-board-renderer"",""SNOWPLOW_ENABLED"":true,""SNOWPLOW_ENDPOINT"":""c.spl.greenhouse.io"",""SNOWPLOW_NAMESPACE"":""job-board-renderer-tracker"",""SNOWPLOW_DEBUG"":false,""TRACK_STATUS_DESIGN_VARIANTS"":true},""boardConfiguration"":{""job_board_id"":5405,""logo"":{""href"":""https://www.crai.com/"",""url"":""https://recruiting.cdn.greenhouse.io/external_greenhouse_job_boards/logos/000/005/405/original/CRA-short-white.png?1742508515""},""filters"":{""include_office_filter"":true,""include_department_filter"":true,""allow_custom_field_filters"":false},""button_shape"":""pill"",""cta_text"":""Apply"",""primary_font"":""Helvetica"",""secondary_font"":""Helvetica"",""custom_primary_font_url"":null,""custom_secondary_font_url"":null,""dropdown_selection_color"":""#0DB6CD"",""active_field_color"":""#709ce2"",""link_color"":""#3D74CC"",""list_selection_color"":""#d5e2f6"",""primary_font_color"":""#0073AE"",""outside_label"":false,""view_all_link"":false,""button_color"":""#0073AE"",""button_hover_color"":""#135475"",""button_text_color"":""#FFFFFF"",""banner_url"":""https://recruiting.cdn.greenhouse.io/job_board_renderer/job_board_configurations/banners/000/002/658/original/CRA-Greenhouse-Banner-0225.png?1742508515"",""board_layout"":""stacked"",""display_department_hierarchy"":true,""hide_app_description"":false,""header_text"":""Current openings at Charles River Associates"",""job_board_public_url"":""https://job-boards.greenhouse.io/charlesriverassociates"",""secondary_font_color"":""#262626"",""background_color"":""#ffffff"",""disable_captcha"":false,""disable_eeoc_quick_apply"":false,""display_departments"":true,""display_search_bar"":true,""display_new_jobs_tag"":true,""display_number_of_open_jobs"":true,""display_footer"":true,""application_tracking_enabled"":true,""seek_id"":"""",""enable_recruitics"":false,""appcast_tracking_code"":null,""google_drive_enabled"":true,""enable_dropbox"":true,""allow_external_notifications"":true,""display_job_trust_profiles"":false,""grayscale_ai_bot_enabled"":false,""grayscale_ai_bot_access_token"":null},""urlToken"":""charlesriverassociates"",""embedded"":false,""isJobPost"":true},""routes/$url_token_.jobs_.$job_post_id"":{""jobPost"":{""post_type"":""job_post"",""language"":""en"",""title"":""(2027 Bachelor's/Master's graduates) Economics Consulting Analyst/Associate "",""hiring_plan_id"":3431615,""content"":""\u003cp\u003eIf your background is in \u003cstrong\u003eEconomics, Business, Finance, Financial Economics, Accounting, Statistics, Mathematics, Computer Science, or any other major focused on quantitative research\u003c/strong\u003e, learn more about CRA!\u003c/p\u003e\n\u003cp\u003e\u003cstrong\u003eAbout Charles River Associates\u003c/strong\u003e\u003c/p\u003e\n\u003cp\u003eCharles River Associates is a leading global consulting firm that provides economic, financial, and business management expertise to major law firms, corporations and governments around the world. CRA advises clients on economic and financial matters pertaining to litigation and regulatory proceedings, and guides corporations through critical business strategy and performance-related issues. Since 1965, clients have engaged CRA for its combination of industry experience and rigorous, fact-based analysis that provide clients with clear, implementable solutions to complex business concerns.\u003c/p\u003e\n\u003cp\u003ePractices seeking to hire candidates with this profile include (hiring locations listed):\u003c/p\u003e\n\u003cul\u003e\n\u003cli\u003e\u003ca href=\""https://www.crai.com/services/antitrust-and-competition/\""\u003eAntitrust \u0026amp; Competition\u003c/a\u003e (Boston, Chicago, Oakland)\u003cbr\u003eOur Competition practice economists provide analysis and testimony in matters involving mergers and acquisitions, antitrust litigation, and global competition policy.\u003c/li\u003e\n\u003cli\u003e\u003ca href=\""https://www.crai.com/energy-careers/\""\u003eEnergy\u003c/a\u003e (Boston, New York, Washington, DC)\u003cbr\u003eThe Energy team provides expert witness services for civil litigation, international arbitration, and regulatory proceedings, much of it in the electricity and gas markets.\u003c/li\u003e\n\u003cli\u003e\u003ca href=\""https://www.crai.com/finance-careers/\""\u003eFinance\u003c/a\u003e (Boston, Chicago)\u003cbr\u003eOur Finance experts work on valuation issues (shareholder class actions and other corporate valuation disputes), as well as matters focused on the functioning of financial markets and institutions (alleged market manipulation and insider trading).\u003c/li\u003e\n\u003cli\u003e\u003ca href=\""https://www.crai.com/labor-employment-careers/\""\u003eLabor \u0026amp; Employment\u003c/a\u003e (Chicago, College Station, Los Angeles, New York, Tallahassee, Washington, DC)\u003cbr\u003eWe provide in-depth analysis, expert reports, testimony, and advisory services to clients involved in complex labor and employment issues such as wage and hour litigation and pay equity disputes.\u003c/li\u003e\n\u003c/ul\u003e\n\u003cp\u003e\u003cem\u003eLearn more about our work by reviewing our Services and Industries on our\u0026nbsp;\u003ca href=\""https://www.crai.com/\""\u003ewebsite\u003c/a\u003e.\u003c/em\u003e\u003c/p\u003e\n\u003cp\u003e\u003cstrong\u003ePosition Overview\u003c/strong\u003e\u003c/p\u003e\n\u003cul\u003e\n\u003cli\u003eWork alongside, and in a collaborative environment with, talented and diverse colleagues, including PhD-trained economists, finance and accounting professionals (CFAs and CPAs), and valuation experts;\u003c/li\u003e\n\u003cli\u003eConduct economic and industry research while analyzing client materials to build an understanding of a case’s issues;\u003c/li\u003e\n\u003cli\u003ePerform/develop financial and economic analyses or valuation models to support case theories and present those results to colleagues and clients;\u003c/li\u003e\n\u003cli\u003eProgram, build models, and perform regression analyses using languages such as Excel, Stata, R, Python, SQL, or SAS; or Cloud computing (Databricks/Spark, Google Cloud, Azure, AWS);\u003c/li\u003e\n\u003cli\u003eDevelop familiarity with data that serves as input to these analyses, including company transactional data (\u003cem\u003ee.g.\u003c/em\u003e, confidential sales data or win/loss data), financial reporting, accounting statements, and social and economic survey data, as well as non-financial measures of organizational performance;\u003c/li\u003e\n\u003cli\u003eReview and summarize analyst reports, academic literature, client documents, depositions, license agreements, and industry trade press;\u003c/li\u003e\n\u003cli\u003eAssist in the production and development of research summaries, expert reports, and the presentation of findings, including creation of visuals like tables and charts;\u003c/li\u003e\n\u003cli\u003eEnsure reliability of analysis through quality control review.\u003c/li\u003e\n\u003c/ul\u003e\n\u003cp\u003e\u003cem\u003eCheck out our blog about\u003c/em\u003e\u003ca href=\""https://www.crai.com/cra-careers/career-blogs/?keyword=typical%20day\u0026amp;page=1\""\u003e\u003cem\u003e a typical day at CRA\u003c/em\u003e\u003c/a\u003e\u003cem\u003e and how you can make an \u003c/em\u003e\u003ca href=\""https://www.youtube.com/watch?v=rBrZUyLZGz8\""\u003e\u003cem\u003eimpact\u003c/em\u003e\u003c/a\u003e\u003cem\u003e!\u003c/em\u003e\u003c/p\u003e\n\u003cp\u003e\u003cstrong\u003eDesired Qualifications\u003c/strong\u003e\u003c/p\u003e\n\u003cul\u003e\n\u003cli\u003eBachelor’s or Master’s degree candidates graduating December 2026/Summer 2027 with an academic focus on quantitative research (Economics, Business, Finance, Financial Economics, Accounting, Statistics, Mathematics, Computer Science or related field);\u003c/li\u003e\n\u003cli\u003eCompletion of an honors thesis, research apprenticeship, or research seminar program is highly desired;\u003c/li\u003e\n\u003cli\u003eDemonstrated understanding of, and ability to explain, economic, financial and/or accounting concepts, and quantitative and qualitative analysis methods;\u003c/li\u003e\n\u003cli\u003eExperience in Excel, Stata, Python, R, SQL, SAS, ArcGIS/ArcPy, or Cloud computing (Databricks/Spark, Google Cloud, Azure, AWS);\u003c/li\u003e\n\u003cli\u003eCurious and analytical thinkers who bring creative approaches to non-standard problems;\u003c/li\u003e\n\u003cli\u003eEffective written and oral communication skills;\u003c/li\u003e\n\u003cli\u003eEagerness to learn new skills and programming languages;\u003c/li\u003e\n\u003cli\u003eDemonstrated high level of initiative and leadership;\u003c/li\u003e\n\u003cli\u003eDemonstrated attention to detail and commitment to producing accurate, high-quality work;\u003c/li\u003e\n\u003cli\u003eStrong teamwork and collaboration capabilities;\u003c/li\u003e\n\u003cli\u003eExcellent time management and task prioritization skills;\u003c/li\u003e\n\u003cli\u003eClear and demonstrated interest in consulting through coursework, work experience, activities, or attendance at CRA recruiting events.\u003c/li\u003e\n\u003c/ul\u003e\n\u003cp\u003e\u003cstrong\u003eTo Apply\u003c/strong\u003e\u003c/p\u003e\n\u003cp\u003eTo be considered for a \u003cstrong\u003eposition in the United States\u003c/strong\u003e, we require the following:\u003c/p\u003e\n\u003cul\u003e\n\u003cli\u003e\u003cstrong\u003eResume\u003c/strong\u003e – please include current address, personal email and telephone number;\u003c/li\u003e\n\u003cli\u003e\u003cstrong\u003eCover letter\u003c/strong\u003e – please describe your interest in CRA and how this role matches your goals. Also, please note if you have interest in a particular practice and/or a location preference;\u003c/li\u003e\n\u003cli\u003e\u003cstrong\u003eTranscript\u003c/strong\u003e – may be unofficial. \u003cem\u003eNote: you must be graduating from a bachelor's or master's degree program for this role. If you are graduating from an MBA/PhD program or have work experience, please visit our \u003ca href=\""https://www.crai.com/cra-careers/\""\u003eCareers site\u003c/a\u003e to see current open roles;\u003c/em\u003e\u003c/li\u003e\n\u003cli\u003e\u003cstrong\u003eWriting Sample\u003c/strong\u003e – we prefer a sole-authored submission from an existing work (class paper, thesis, internship, or work product) that includes your commentary on a quantitative analysis and/or relevant to the field of economics.\u003c/li\u003e\n\u003c/ul\u003e\n\u003cp\u003eIf you are interested in applying for one of our \u003cstrong\u003einternational locations\u003c/strong\u003e, please visit our \u003ca href=\""https://www.crai.com/cra-careers/\""\u003eCareers site\u003c/a\u003e to view and apply for available jobs.\u003c/p\u003e\n\u003cp\u003ePlease also note that candidate resume review will commence August 17, and continue on a rolling basis until positions are filled.\u003c/p\u003e\n\u003cp\u003e\u003cstrong\u003e \u003c/strong\u003e\u003c/p\u003e\n\u003cp\u003e\u003cstrong\u003eCareer Growth and Benefits\u0026nbsp;\u003c/strong\u003e\u003c/p\u003e\n\u003cul\u003e\n\u003cli\u003eCRA’s robust \u003ca href=\""https://www.crai.com/cra-careers/talent-development/\""\u003eskills development programs\u003c/a\u003e, including a commitment to offering 100 hours of training annually through formal and informal programs, encourage you to thrive as an individual and team member. Beginning with research and analysis skill building, training continues with technical training, presentation skills, internal seminars, and career mentoring and performance coaching from an assigned senior colleague. Additional leadership and collaboration opportunities exist through internal firm development activities.\u003c/li\u003e\n\u003cli\u003eWe offer a comprehensive total rewards program including a superior benefits package, \u003ca href=\""https://www.crai.com/benefits/\""\u003ewellness programming\u003c/a\u003e to support physical, mental, emotional and financial well-being, and in-house \u003ca href=\""https://www.crai.com/cra-careers/immigration-global-mobility/\""\u003eimmigration support\u003c/a\u003e for foreign nationals and international business travelers.\u003c/li\u003e\n\u003c/ul\u003e\n\u003cp\u003e\u003cstrong\u003eWork Location Flexibility\u003c/strong\u003e\u003c/p\u003e\n\u003cp\u003eCRA creates a work environment that enables our colleagues to benefit from being together in the office to best deliver on our promise of career growth, mentorship and inclusivity. At the same time, we recognize that individuals realize a range of benefits when working from home periodically. We currently expect that individuals spend at least 3 to 4 days a week working in the office (which may include traveling to another CRA office or to client meetings), with specific days determined in coordination with your practice or team.\u003c/p\u003e\n\u003cp\u003e\u003cstrong\u003eOur Commitment to Equal Employment Opportunity\u003c/strong\u003e\u003c/p\u003e\n\u003cp style=\""margin: 0in;\""\u003e\u003cspan style=\""font-size: 10.0pt; font-family: 'Arial',sans-serif;\""\u003eCharles River Associates is an equal opportunity employer (EOE). All qualified applicants will receive consideration for employment without regard to race, color, religion, sex, national origin, age, disability, status as a protected veteran, or any other protected characteristic under applicable law.\u003c/span\u003e\u003c/p\u003e\n\u003cp style=\""margin: 0in;\""\u003e\u0026nbsp;\u003c/p\u003e\n\u003cp\u003e\u0026nbsp;\u003c/p\u003e\n\u003cp style=\""margin: 0in;\""\u003e\u003cem\u003e\u003cspan style=\""font-size: 8pt;\""\u003e\u003cstrong\u003e\u003cspan style=\""font-family: Arial, sans-serif;\""\u003eSalary and other compensation\u003c/span\u003e\u003c/strong\u003e\u003c/span\u003e\u003c/em\u003e\u003c/p\u003e\n\u003cp style=\""margin: 0in;\""\u003e\u003cem\u003e\u003cspan style=\""font-size: 8pt; font-family: Arial, sans-serif;\""\u003eA good-faith estimate of the annual base salary range for this position is $92,500-$100,000. Starting pay within this range may vary based on factors such as education level, experience, skills, geographic location, market conditions, and other qualifications of the successful candidate. This position may be eligible for additional bonus incentive compensation. \u003c/span\u003e\u003c/em\u003e\u003cem\u003e\u003cspan style=\""font-size: 8pt; font-family: Arial, sans-serif;\""\u003eCRA offers a comprehensive benefits package, subject to eligibility requirements, which may include: medical, dental, and vision insurance; 401(k) retirement plan with employer match; life and disability insurance; paid time off (vacation, sick leave, holidays); paid parental leave; wellness programs and employee assistance resources; and commuter benefits.\u003c/span\u003e\u003c/em\u003e\u003c/p\u003e"",""introduction"":null,""conclusion"":null,""enable_eeoc"":true,""job_post_location"":""Boston, MA, United States; Chicago, IL, United States; Los Angeles, CA, United States; New York, NY, United States; Oakland, CA, United States; Tallahassee, FL, United States; Washington, DC, United States"",""public_url"":""https://job-boards.greenhouse.io/charlesriverassociates/jobs/7894191"",""company_name"":""Charles River Associates"",""confirmation_message"":""\u003ch2\u003eThank you for applying.\u003c/h2\u003e\n\u003cp\u003e\u003cspan style=\""font-size: 12px;\""\u003eThank you for your interest in Charles River Associates! Your application has been provided to our recruiting team for consideration.\u003cbr\u003e\u003cbr\u003eWe review all applications to see which ones best match our open positions and contact the individuals we think may be a good fit for one or more roles.\u003cbr\u003e\u003cbr\u003eDue to the high number of applications we receive, we are unable to respond to every candidate. However, we will keep your application on file in case a future position matches your qualifications. If you would like us to delete your application at any point, please contact us at PrivacyMatters@crai.com.\u0026nbsp;\u003cbr\u003e\u003cbr\u003eWe encourage you to connect with us via\u0026nbsp;\u003ca href=\""https://urldefense.proofpoint.com/v2/url?u=https-3A__www.linkedin.com_company_6511-3Ftrk-3Dtyah-26trkInfo-3Dtas-3Acharles-2520river-2520associates-2Cidx-3A2-2D1-2D2\u0026amp;d=CwMGaQ\u0026amp;c=-dg2m7zWuuDZ0MUcV7Sdqw\u0026amp;r=G9tSATlSr9M7mRarWcqgA65x8WLIfTtm8QNPniD3Vow\u0026amp;m=ewmWYVP6uaVAn8KPWfPTh9_eEPyW0zEh_G0BljnqHwI\u0026amp;s=hgQAO6EXD7RzwUYRN19bNTMjrZLX39onaMbyy_e7cm4\u0026amp;e=\""\u003eLinkedIn\u003c/a\u003e,\u0026nbsp;\u003ca href=\""https://facebook.com/CharlesRiverAssociates\""\u003eFacebook\u003c/a\u003e, \u003ca href=\""https://urldefense.proofpoint.com/v2/url?u=https-3A__www.youtube.com_channel_UC4tSKsRFqNdwfiCphQfqsgw_videos\u0026amp;d=CwMGaQ\u0026amp;c=-dg2m7zWuuDZ0MUcV7Sdqw\u0026amp;r=G9tSATlSr9M7mRarWcqgA65x8WLIfTtm8QNPniD3Vow\u0026amp;m=ewmWYVP6uaVAn8KPWfPTh9_eEPyW0zEh_G0BljnqHwI\u0026amp;s=FOa0fLQpN8VAWek8D62Pp5JY1WkIa5LmzuBTGRa2ISY\u0026amp;e=\""\u003eYouTube\u003c/a\u003e\u0026nbsp;and\u0026nbsp;\u003ca href=\""https://urldefense.proofpoint.com/v2/url?u=https-3A__www.instagram.com_charlesriverassociates_-3Fhl-3Den\u0026amp;d=CwMGaQ\u0026amp;c=-dg2m7zWuuDZ0MUcV7Sdqw\u0026amp;r=G9tSATlSr9M7mRarWcqgA65x8WLIfTtm8QNPniD3Vow\u0026amp;m=ewmWYVP6uaVAn8KPWfPTh9_eEPyW0zEh_G0BljnqHwI\u0026amp;s=He9wo2r9dT91J4KLWz0udXNbu4FpC6hSoV_exAB3wR4\u0026amp;e=\""\u003eInstagram\u003c/a\u003e. We share updates on these sites about our consultants, our offices, practices, recent cases and clients, and CRA initiatives. If you would like to learn more about the day-to-day CRA experience, check out\u0026nbsp;\u003ca href=\""https://urldefense.proofpoint.com/v2/url?u=http-3A__www.crai.com_blog\u0026amp;d=CwMGaQ\u0026amp;c=-dg2m7zWuuDZ0MUcV7Sdqw\u0026amp;r=G9tSATlSr9M7mRarWcqgA65x8WLIfTtm8QNPniD3Vow\u0026amp;m=ewmWYVP6uaVAn8KPWfPTh9_eEPyW0zEh_G0BljnqHwI\u0026amp;s=VbqETYhpUDpU35dOZrgqVUX4rXGdkSV6UNglFZv9dMY\u0026amp;e=\""\u003eThe Current\u003c/a\u003e\u0026nbsp;(our blog about the CRA experience in our various offices and practices).\u003cbr\u003e\u003cbr\u003eOnce again, we appreciate your interest in CRA!\u003cbr\u003e\u003cbr\u003eBest wishes,\u0026nbsp;\u003cbr\u003eThe Talent Acquisition Team\u003cbr\u003eCharles River Associates\u003c/span\u003e\u003c/p\u003e"",""pay_ranges"":[],""published_at"":""2026-05-22T14:25:17-04:00"",""employment"":""hidden"",""fingerprint"":""72b3d140ef9dd570d7f7b652dc5d0e4ad6e38214"",""redirect_to"":null,""is_featured"":false,""ai_disclaimer"":null,""include_ai_disclaimer"":null,""apply_with_seek"":null,""show_quick_apply_cta"":true,""ai_opt_out_request_url"":null,""application_deadline"":null,""education_config"":{""id"":7283927,""school_name"":""required"",""degree"":""required"",""discipline"":""required"",""start_month"":""hidden"",""start_year"":""hidden"",""end_month"":""required"",""end_year"":""required""},""questions"":[{""required"":true,""label"":""First Name"",""description"":null,""fields"":[{""name"":""first_name"",""type"":""input_text""}]},{""required"":true,""label"":""Last Name"",""description"":null,""fields"":[{""name"":""last_name"",""type"":""input_text""}]},{""required"":false,""label"":""Preferred First Name"",""description"":null,""fields"":[{""name"":""preferred_name"",""type"":""input_text""}]},{""required"":true,""label"":""Email"",""description"":null,""fields"":[{""name"":""email"",""type"":""input_text""}]},{""required"":true,""label"":""Phone"",""description"":null,""fields"":[{""name"":""phone"",""type"":""input_text""}]},{""required"":true,""label"":""Candidate Location"",""description"":null,""fields"":[{""name"":""candidate_location"",""type"":""input_text""}]},{""required"":true,""label"":""Resume/CV"",""description"":null,""fields"":[{""name"":""resume"",""type"":""input_file"",""allowed_filetypes"":[""pdf"",""doc"",""docx"",""txt"",""rtf""]},{""name"":""resume_text"",""type"":""textarea""}]},{""required"":true,""label"":""Cover Letter"",""description"":null,""fields"":[{""name"":""cover_letter"",""type"":""input_file"",""allowed_filetypes"":[""pdf"",""doc"",""docx"",""txt"",""rtf""]},{""name"":""cover_letter_text"",""type"":""textarea""}]},{""required"":false,""label"":""Secondary/Dual Major Discipline"",""description"":""\u003cp\u003ePlease select your second or dual major field. If none, leave blank.\u003c/p\u003e"",""fields"":[{""name"":""question_66501081"",""type"":""multi_value_single_select"",""values"":[{""value"":708302807,""label"":""Accounting""},{""value"":708302808,""label"":""African Studies""},{""value"":708302809,""label"":""Agriculture""},{""value"":708302810,""label"":""Anthropology""},{""value"":708302811,""label"":""Applied Health Services""},{""value"":708302812,""label"":""Architecture""},{""value"":708302813,""label"":""Art""},{""value"":708302814,""label"":""Asian Studies""},{""value"":708302815,""label"":""Biology""},{""value"":708302816,""label"":""Business""},{""value"":708302817,""label"":""Business Administration""},{""value"":708302818,""label"":""Chemistry""},{""value"":708302819,""label"":""Classical Languages""},{""value"":708302820,""label"":""Communications \u0026 Film""},{""value"":708302821,""label"":""Computer Science""},{""value"":708302822,""label"":""Data Science""},{""value"":708302823,""label"":""Dentistry""},{""value"":708302824,""label"":""Developing Nations""},{""value"":708302825,""label"":""Discipline Unknown""},{""value"":708302826,""label"":""Earth Sciences""},{""value"":708302827,""label"":""Economics""},{""value"":708302828,""label"":""Education""},{""value"":708302829,""label"":""Electronics""},{""value"":708302830,""label"":""Engineering""},{""value"":708302831,""label"":""English Studies""},{""value"":708302832,""label"":""Environmental Studies""},{""value"":708302833,""label"":""European Studies""},{""value"":708302834,""label"":""Fashion""},{""value"":708302835,""label"":""Finance""},{""value"":708302836,""label"":""Fine Arts""},{""value"":708302837,""label"":""General Studies""},{""value"":708302838,""label"":""Health Services""},{""value"":708302839,""label"":""History""},{""value"":708302840,""label"":""Human Resources Management""},{""value"":708302841,""label"":""Humanities""},{""value"":708302842,""label"":""Industrial Arts \u0026 Carpentry""},{""value"":708302843,""label"":""Information Systems""},{""value"":708302844,""label"":""International Relations""},{""value"":708302845,""label"":""Journalism""},{""value"":708302846,""label"":""Languages""},{""value"":708302847,""label"":""Latin American Studies""},{""value"":708302848,""label"":""Law""},{""value"":708302849,""label"":""Linguistics""},{""value"":708302850,""label"":""Manufacturing \u0026 Mechanics""},{""value"":708302851,""label"":""Mathematics""},{""value"":708302852,""label"":""Medicine""},{""value"":708302853,""label"":""Middle Eastern Studies""},{""value"":708302854,""label"":""Naval Science""},{""value"":708302855,""label"":""North American Studies""},{""value"":708302856,""label"":""Nuclear Technics""},{""value"":708302857,""label"":""Operations Research \u0026 Strategy""},{""value"":708302858,""label"":""Organizational Theory""},{""value"":708302859,""label"":""Philosophy""},{""value"":708302860,""label"":""Physical Education""},{""value"":708302861,""label"":""Physical Sciences""},{""value"":708302862,""label"":""Physics""},{""value"":708302863,""label"":""Political Science""},{""value"":708302864,""label"":""Psychology""},{""value"":708302865,""label"":""Public Policy""},{""value"":708302866,""label"":""Public Service""},{""value"":708302867,""label"":""Religious Studies""},{""value"":708302868,""label"":""Russian \u0026 Soviet Studies""},{""value"":708302869,""label"":""Scandinavian Studies""},{""value"":708302870,""label"":""Science""},{""value"":708302871,""label"":""Slavic Studies""},{""value"":708302872,""label"":""Social Science""},{""value"":708302873,""label"":""Social Sciences""},{""value"":708302874,""label"":""Sociology""},{""value"":708302875,""label"":""Speech""},{""value"":708302876,""label"":""Statistics \u0026 Decision Theory""},{""value"":708302877,""label"":""Urban Studies""},{""value"":708302878,""label"":""Veterinary Medicine""},{""value"":708302879,""label"":""Other (Please Specify)""}]}],""multi_select_style"":""checkbox""},{""required"":false,""label"":""Minor/Concentration Discipline"",""description"":""\u003cp\u003ePlease select your academic minor or concentration discipline. If none, leave blank.\u003c/p\u003e"",""fields"":[{""name"":""question_66501082"",""type"":""multi_value_single_select"",""values"":[{""value"":708302880,""label"":""Accounting""},{""value"":708302881,""label"":""African Studies""},{""value"":708302882,""label"":""Agriculture""},{""value"":708302883,""label"":""Anthropology""},{""value"":708302884,""label"":""Applied Health Services""},{""value"":708302885,""label"":""Architecture""},{""value"":708302886,""label"":""Art""},{""value"":708302887,""label"":""Asian Studies""},{""value"":708302888,""label"":""Biology""},{""value"":708302889,""label"":""Business""},{""value"":708302890,""label"":""Business Administration""},{""value"":708302891,""label"":""Chemistry""},{""value"":708302892,""label"":""Classical Languages""},{""value"":708302893,""label"":""Communications \u0026 Film""},{""value"":708302894,""label"":""Computer Science""},{""value"":708302895,""label"":""Data Science""},{""value"":708302896,""label"":""Dentistry""},{""value"":708302897,""label"":""Developing Nations""},{""value"":708302898,""label"":""Discipline Unknown""},{""value"":708302899,""label"":""Earth Sciences""},{""value"":708302900,""label"":""Economics""},{""value"":708302901,""label"":""Education""},{""value"":708302902,""label"":""Electronics""},{""value"":708302903,""label"":""Engineering""},{""value"":708302904,""label"":""English Studies""},{""value"":708302905,""label"":""Environmental Studies""},{""value"":708302906,""label"":""European Studies""},{""value"":708302907,""label"":""Fashion""},{""value"":708302908,""label"":""Finance""},{""value"":708302909,""label"":""Fine Arts""},{""value"":708302910,""label"":""General Studies""},{""value"":708302911,""label"":""Health Services""},{""value"":708302912,""label"":""History""},{""value"":708302913,""label"":""Human Resources Management""},{""value"":708302914,""label"":""Humanities""},{""value"":708302915,""label"":""Industrial Arts \u0026 Carpentry""},{""value"":708302916,""label"":""Information Systems""},{""value"":708302917,""label"":""International Relations""},{""value"":708302918,""label"":""Journalism""},{""value"":708302919,""label"":""Languages""},{""value"":708302920,""label"":""Latin American Studies""},{""value"":708302921,""label"":""Law""},{""value"":708302922,""label"":""Linguistics""},{""value"":708302923,""label"":""Manufacturing \u0026 Mechanics""},{""value"":708302924,""label"":""Mathematics""},{""value"":708302925,""label"":""Medicine""},{""value"":708302926,""label"":""Middle Eastern Studies""},{""value"":708302927,""label"":""Naval Science""},{""value"":708302928,""label"":""North American Studies""},{""value"":708302929,""label"":""Nuclear Technics""},{""value"":708302930,""label"":""Operations Research \u0026 Strategy""},{""value"":708302931,""label"":""Organizational Theory""},{""value"":708302932,""label"":""Philosophy""},{""value"":708302933,""label"":""Physical Education""},{""value"":708302934,""label"":""Physical Sciences""},{""value"":708302935,""label"":""Physics""},{""value"":708302936,""label"":""Political Science""},{""value"":708302937,""label"":""Psychology""},{""value"":708302938,""label"":""Public Policy""},{""value"":708302939,""label"":""Public Service""},{""value"":708302940,""label"":""Religious Studies""},{""value"":708302941,""label"":""Russian \u0026 Soviet Studies""},{""value"":708302942,""label"":""Scandinavian Studies""},{""value"":708302943,""label"":""Science""},{""value"":708302944,""label"":""Slavic Studies""},{""value"":708302945,""label"":""Social Science""},{""value"":708302946,""label"":""Social Sciences""},{""value"":708302947,""label"":""Sociology""},{""value"":708302948,""label"":""Speech""},{""value"":708302949,""label"":""Statistics \u0026 Decision Theory""},{""value"":708302950,""label"":""Urban Studies""},{""value"":708302951,""label"":""Veterinary Medicine""},{""value"":708302952,""label"":""Other (Please Specify)""}]}],""multi_select_style"":""checkbox""},{""required"":false,""label"":""Other Discipline (if not listed)"",""description"":""\u003cp\u003e\u003c!--StartFragment--\u003eIf your academic field is not listed (for secondary/dual or minor/concentration), please indicate field(s) here.\u003c!--EndFragment--\u003e\u003c/p\u003e"",""fields"":[{""name"":""question_66501083"",""type"":""input_text""}],""multi_select_style"":""checkbox""},{""required"":true,""label"":""GPA / Degree Class"",""description"":null,""fields"":[{""name"":""question_66501084"",""type"":""multi_value_single_select"",""values"":[{""value"":708302953,""label"":""4.0""},{""value"":708302954,""label"":""3.9""},{""value"":708302955,""label"":""3.8""},{""value"":708302956,""label"":""3.7""},{""value"":708302957,""label"":""3.6""},{""value"":708302958,""label"":""3.5""},{""value"":708302959,""label"":""3.4""},{""value"":708302960,""label"":""3.3""},{""value"":708302961,""label"":""3.2""},{""value"":708302962,""label"":""3.1""},{""value"":708302963,""label"":""3.0""},{""value"":708302964,""label"":""\u003c3.0""},{""value"":708302965,""label"":""1st First Class Honours""},{""value"":708302966,""label"":""2.1 Upper Second Class Honours""},{""value"":708302967,""label"":""2.2 Lower Second Class Honours""},{""value"":708302968,""label"":""Distinction""},{""value"":708302969,""label"":""Merit""},{""value"":708302970,""label"":""Pass""},{""value"":708302971,""label"":""Other""}]}],""multi_select_style"":""checkbox""},{""required"":true,""label"":""Transcript (Undergraduate)"",""description"":""\u003cp\u003ePlease attach your undergraduate transcript (may be unofficial version).\u003c/p\u003e"",""fields"":[{""name"":""question_66501085"",""type"":""input_file"",""allowed_filetypes"":[""pdf"",""doc"",""docx"",""txt"",""rtf""]}],""multi_select_style"":""checkbox""},{""required"":false,""label"":""Transcript (Graduate, if applicable)"",""description"":""\u003cp\u003ePlease attach your graduate transcript, if applicable (may be unofficial version).\u003c/p\u003e"",""fields"":[{""name"":""question_66501086"",""type"":""input_file"",""allowed_filetypes"":[""pdf"",""doc"",""docx"",""txt"",""rtf""]}],""multi_select_style"":""checkbox""},{""required"":true,""label"":""Writing sample "",""description"":""\u003cp\u003ePlease attach your writing sample.\u003c/p\u003e"",""fields"":[{""name"":""question_66501087"",""type"":""input_file"",""allowed_filetypes"":[""pdf"",""doc"",""docx"",""txt"",""rtf""]}],""multi_select_style"":""checkbox""},{""required"":false,""label"":""LinkedIn Profile"",""description"":""\u003cp\u003ePlease provide your LinkedIn profile.\u003c/p\u003e"",""fields"":[{""name"":""question_66501088"",""type"":""input_text""}],""multi_select_style"":""checkbox""},{""required"":true,""label"":""Practice Preference #1"",""description"":""\u003cp\u003ePlease indicate your primary practice preference.\u003c/p\u003e"",""fields"":[{""name"":""question_66501089"",""type"":""multi_value_single_select"",""values"":[{""value"":708302972,""label"":""No Preference""},{""value"":708302973,""label"":""Antitrust \u0026 Competition Economics""},{""value"":708302974,""label"":""Energy""},{""value"":708302975,""label"":""Finance""},{""value"":708302976,""label"":""Financial Economics""},{""value"":708302977,""label"":""Forensic Services""},{""value"":708302978,""label"":""Intellectual Property""},{""value"":708302979,""label"":""Labor \u0026 Employment""},{""value"":708302980,""label"":""Life Sciences""},{""value"":708302981,""label"":""Marakon""},{""value"":708302982,""label"":""Risk Investigations \u0026 Analytics""},{""value"":708302983,""label"":""Transfer Pricing""}]}],""multi_select_style"":""dropdown""},{""required"":false,""label"":""Practice Preference #2"",""description"":""\u003cp\u003ePlease indicate your second practice preference.\u003c/p\u003e"",""fields"":[{""name"":""question_66501090"",""type"":""multi_value_single_select"",""values"":[{""value"":708302984,""label"":""No Preference""},{""value"":708302985,""label"":""Antitrust \u0026 Competition Economics""},{""value"":708302986,""label"":""Energy""},{""value"":708302987,""label"":""Finance""},{""value"":708302988,""label"":""Financial Economics""},{""value"":708302989,""label"":""Forensic Services""},{""value"":708302990,""label"":""Intellectual Property""},{""value"":708302991,""label"":""Labor \u0026 Employment""},{""value"":708302992,""label"":""Life Sciences""},{""value"":708302993,""label"":""Marakon""},{""value"":708302994,""label"":""Risk Investigations \u0026 Analytics""},{""value"":708302995,""label"":""Transfer Pricing""}]}],""multi_select_style"":""dropdown""},{""required"":true,""label"":""Location preference #1"",""description"":""\u003cp\u003ePlease indicate your preferred location.\u003c/p\u003e"",""fields"":[{""name"":""question_66501091"",""type"":""multi_value_single_select"",""values"":[{""value"":728744704,""label"":""No Preference""},{""value"":728744705,""label"":""Boston, MA""},{""value"":728744706,""label"":""Brussels, Belgium""},{""value"":728744708,""label"":""Cambridge, United Kingdom""},{""value"":728744709,""label"":""Chicago, IL""},{""value"":728744710,""label"":""College Station, TX""},{""value"":728744712,""label"":""Dallas (Plano), TX""},{""value"":728744714,""label"":""Houston, TX""},{""value"":728744715,""label"":""London, United Kingdom""},{""value"":728744716,""label"":""Los Angeles, CA""},{""value"":728744717,""label"":""Munich, Germany""},{""value"":728744719,""label"":""New York, NY""},{""value"":728744720,""label"":""Oakland, CA""},{""value"":728744721,""label"":""Paris, France""},{""value"":728744723,""label"":""Salt Lake City, UT""},{""value"":728744725,""label"":""Summit, NJ""},{""value"":728744727,""label"":""Tallahassee, FL""},{""value"":728744729,""label"":""Toronto, Canada""},{""value"":728744730,""label"":""Washington, DC""},{""value"":728744731,""label"":""Zurich, Switzerland""}]}],""multi_select_style"":""dropdown""},{""required"":false,""label"":""Location preference #2"",""description"":""\u003cp\u003ePlease indicate your second preference location.\u003c/p\u003e"",""fields"":[{""name"":""question_66501092"",""type"":""multi_value_single_select"",""values"":[{""value"":708303017,""label"":""No Preference""},{""value"":708303018,""label"":""Boston, MA""},{""value"":708303019,""label"":""Brussels, Belgium""},{""value"":708303020,""label"":""Cambridge, United Kingdom""},{""value"":708303021,""label"":""Chicago, IL""},{""value"":708303022,""label"":""College Station, TX""},{""value"":708303023,""label"":""Dallas (Plano), TX""},{""value"":708303024,""label"":""Houston, TX""},{""value"":708303025,""label"":""London, United Kingdom""},{""value"":708303026,""label"":""Los Angeles, CA""},{""value"":708303027,""label"":""Munich, Germany""},{""value"":708303028,""label"":""New York, NY""},{""value"":708303029,""label"":""Oakland, CA""},{""value"":708303030,""label"":""Paris, France""},{""value"":708303031,""label"":""Salt Lake City, UT""},{""value"":708303032,""label"":""Sao Paulo, Brazil""},{""value"":708303033,""label"":""Summit, NJ""},{""value"":708303034,""label"":""Tallahassee, FL""},{""value"":708303035,""label"":""Toronto, Canada""},{""value"":708303036,""label"":""Washington, DC""},{""value"":708303037,""label"":""Zurich, Switzerland""}]}],""multi_select_style"":""dropdown""},{""required"":true,""label"":""Language Fluency"",""description"":""\u003cp\u003ePlease indicate below any languages with which you have business-level fluency.\u003c/p\u003e"",""fields"":[{""name"":""question_66501093[]"",""type"":""multi_value_multi_select"",""values"":[{""value"":708303038,""label"":""Chinese (Mandarin)""},{""value"":708303039,""label"":""Dutch/Flemish""},{""value"":708303040,""label"":""English""},{""value"":708303041,""label"":""French""},{""value"":708303042,""label"":""German""},{""value"":708303043,""label"":""Portuguese""},{""value"":708303044,""label"":""Spanish""},{""value"":708303045,""label"":""Swiss German""}]}],""multi_select_style"":""dropdown""},{""required"":true,""label"":""CRA asks colleagues to work in their designated office 3-4 days per week on average. Are you available to come into the office 3-4 days per week?"",""description"":null,""fields"":[{""name"":""question_66501094"",""type"":""multi_value_single_select"",""values"":[{""value"":708303046,""label"":""Yes""},{""value"":708303047,""label"":""No""},{""value"":708303048,""label"":""Possibly, I'd like to discuss""}]}],""multi_select_style"":""dropdown""},{""required"":true,""label"":""Start Date"",""description"":""\u003cp\u003ePlease indicate your earliest availability to start with CRA (not binding).\u003c/p\u003e"",""fields"":[{""name"":""question_66501095"",""type"":""input_text""}],""multi_select_style"":""checkbox""},{""required"":true,""label"":""Do you have data or research experience outside of classwork?"",""description"":null,""fields"":[{""name"":""question_66501096"",""type"":""multi_value_single_select"",""values"":[{""value"":1,""label"":""Yes""},{""value"":0,""label"":""No""}]}],""multi_select_style"":""checkbox""},{""required"":true,""label"":""Please indicate which programming tools you have used for coursework or classroom assignments? (Please select all that apply) "",""description"":null,""fields"":[{""name"":""question_66501097[]"",""type"":""multi_value_multi_select"",""values"":[{""value"":731557426,""label"":""STATA""},{""value"":731557427,""label"":""Python""},{""value"":731557428,""label"":""R""},{""value"":731557429,""label"":""SQL""},{""value"":731557430,""label"":""SAS""},{""value"":731557431,""label"":""ArcGIS/ArcPy""},{""value"":731557432,""label"":""Cloud computing (Databricks/Spark, Google Cloud, Azure, AWS – Amazon Web Services)""},{""value"":731557433,""label"":""None""}]}],""multi_select_style"":""checkbox""},{""required"":true,""label"":""Please indicate which programming tools you have used outside of classroom assignments (e.g., independent research, thesis projects, research assistantships, internships, or other relevant experiences)? (Please select all that apply)"",""description"":null,""fields"":[{""name"":""question_68029237[]"",""type"":""multi_value_multi_select"",""values"":[{""value"":731557501,""label"":""STATA""},{""value"":731557502,""label"":""Python""},{""value"":731557503,""label"":""R""},{""value"":731557504,""label"":""SQL""},{""value"":731557505,""label"":""SAS""},{""value"":731557506,""label"":""ArcGIS/ArcPy""},{""value"":731557507,""label"":""Cloud computing (Databricks/Spark, Google Cloud, Azure, AWS – Amazon Web Services)""},{""value"":731557508,""label"":""None""}]}],""multi_select_style"":""checkbox""},{""required"":true,""label"":""Work Eligibility"",""description"":""\u003cp\u003eAre you currently eligible to work in the United States of America?\u003c/p\u003e"",""fields"":[{""name"":""question_66501098"",""type"":""multi_value_single_select"",""values"":[{""value"":1,""label"":""Yes""},{""value"":0,""label"":""No""}]}],""multi_select_style"":""dropdown""},{""required"":true,""label"":""Will you now, or in the future, require CRA to commence (sponsor) an immigration case in order to employ you (for example, H1-B or other employment-based immigration case)?"",""description"":null,""fields"":[{""name"":""question_66501099"",""type"":""multi_value_single_select"",""values"":[{""value"":1,""label"":""Yes""},{""value"":0,""label"":""No""}]}],""multi_select_style"":""dropdown""},{""required"":true,""label"":""Privacy Notice"",""description"":""\u003cp\u003eCRA is committed to maintaining the accuracy, confidentiality and security of your personal information. CRA\u0026rsquo;s Privacy Notice describes the personal data that CRA collects from or about you, how it is used and with whom it is disclosed to.\u0026nbsp;Please click to view\u0026nbsp;\u003ca title=\""CRA\u0026rsquo;s Privacy Notice\"" href=\""http://www.crai.com/employee-privacy\""\u003eCRA\u0026rsquo;s Privacy Notice\u003c/a\u003e, and acknowledge receipt.\u003c/p\u003e"",""fields"":[{""name"":""question_66501100[]"",""type"":""multi_value_multi_select"",""values"":[{""value"":708303057,""label"":""Acknowledge""}]}],""multi_select_style"":""checkbox""}],""eeoc_sections"":[{""description"":""\u003ch3\u003e\u003cstrong\u003eVoluntary Self-Identification\u003c/strong\u003e\u003c/h3\u003e\n\u003cp\u003eFor government reporting purposes, we ask candidates to respond to the below self-identification survey.\nCompletion of the form is entirely voluntary. Whatever your decision, it will not be considered in the hiring\nprocess or thereafter. Any information that you do provide will be recorded and maintained in a\nconfidential file.\u003c/p\u003e\n\n\u003cp\u003eAs set forth in Charles River Associates’s Equal Employment Opportunity policy,\nwe do not discriminate on the basis of any protected group status under any applicable law.\u003c/p\u003e\n"",""questions"":[{""required"":false,""label"":""Gender"",""fields"":[{""name"":""gender"",""type"":""multi_value_single_select"",""values"":[{""label"":""Male"",""value"":""1""},{""label"":""Female"",""value"":""2""},{""label"":""Decline To Self Identify"",""value"":""3""}]}]},{""required"":false,""label"":""Race"",""fields"":[{""name"":""race"",""type"":""multi_value_single_select"",""values"":[{""label"":""American Indian or Alaskan Native"",""value"":""1""},{""label"":""Asian"",""value"":""2""},{""label"":""Black or African American"",""value"":""3""},{""label"":""Hispanic or Latino"",""value"":""4""},{""label"":""White"",""value"":""5""},{""label"":""Native Hawaiian or Other Pacific Islander"",""value"":""6""},{""label"":""Two or More Races"",""value"":""7""},{""label"":""Decline To Self Identify"",""value"":""8""}]}]}]},{""description"":""\u003cp\u003e\n If you believe you belong to any of the categories of protected veterans listed below, please indicate by making the appropriate selection.\n As a government contractor subject to the Vietnam Era Veterans Readjustment Assistance Act (VEVRAA), we request this information in order to measure\n the effectiveness of the outreach and positive recruitment efforts we undertake pursuant to VEVRAA. Classification of protected categories\n is as follows:\n\u003c/p\u003e\n\u003cp\u003eA \""disabled veteran\"" is one of the following: a veteran of the U.S. military, ground, naval or air service who is entitled to compensation (or who but for the receipt of military retired pay would be entitled to compensation) under laws administered by the Secretary of Veterans Affairs; or a person who was discharged or released from active duty because of a service-connected disability.\u003c/p\u003e\n\u003cp\u003eA \""recently separated veteran\"" means any veteran during the three-year period beginning on the date of such veteran's discharge or release from active duty in the U.S. military, ground, naval, or air service.\u003c/p\u003e\n\u003cp\u003eAn \""active duty wartime or campaign badge veteran\"" means a veteran who served on active duty in the U.S. military, ground, naval or air service during a war, or in a campaign or expedition for which a campaign badge has been authorized under the laws administered by the Department of Defense.\u003c/p\u003e\n\u003cp\u003eAn \""Armed forces service medal veteran\"" means a veteran who, while serving on active duty in the U.S. military, ground, naval or air service, participated in a United States military operation for which an Armed Forces service medal was awarded pursuant to Executive Order 12985.\u003c/p\u003e\n"",""questions"":[{""required"":false,""label"":""Veteran Status"",""fields"":[{""name"":""veteran_status"",""type"":""multi_value_single_select"",""values"":[{""label"":""I am not a protected veteran"",""value"":""1""},{""label"":""I identify as one or more of the classifications of a protected veteran"",""value"":""2""},{""label"":""I don't wish to answer"",""value"":""3""}]}]}]}]},""jobPostId"":""7894191"",""urlToken"":""charlesriverassociates"",""submitPath"":""https://boards.greenhouse.io/charlesriverassociates/jobs/7894191"",""confirmationPath"":""/charlesriverassociates/jobs/7894191/confirmation"",""quickApply"":{""active"":true,""magicActive"":true,""url"":""https://my.greenhouse.io"",""metadata"":{""jobPostId"":7894191,""urlToken"":""charlesriverassociates""}},""seek"":{""applyWithSeekEnabled"":true,""isConfigured"":false,""isPreview"":false,""applyWithSeek"":null,""seekToken"":null}}},""actionData"":null,""errors"":null}};import ""https://job-boards.cdn.greenhouse.io/assets/manifest-09ecaf34.js""; import * as route0 from ""https://job-boards.cdn.greenhouse.io/assets/root-CkVfMif2.js""; import * as route1 from ""https://job-boards.cdn.greenhouse.io/assets/_url_token_.jobs_._job_post_id-CzZRoC2q.js""; window.__remixRouteModules = {""root"":route0,""routes/$url_token_.jobs_.$job_post_id"":route1}; import(""https://job-boards.cdn.greenhouse.io/assets/entry.client-BFNShcDs.js"");"
(2028 Bachelor's/Master's graduates) Economics Consulting Analyst/Associate Intern (Summer 2027),https://job-boards.greenhouse.io/charlesriverassociates/jobs/8120300,"(2028 Bachelor's/Master's graduates) Economics Consulting Analyst/Associate Intern (Summer 2027)
Boston, MA, United States; Chicago, IL, United States; New York, NY, United States; Oakland, CA, United States; Salt Lake City, UT, United States; Washington, DC, United States
Apply

If your background is in Economics, Business, Statistics, Mathematics, Computer Science, or any other major focused on quantitative research, learn more about internship opportunities with CRA!

About Charles River Associates

Charles River Associates is a leading global consulting firm that provides economic, financial, and business management expertise to major law firms, corporations and governments around the world. CRA advises clients on economic and financial matters pertaining to litigation and regulatory proceedings, and guides corporations through critical business strategy and performance-related issues. Since 1965, clients have engaged CRA for its combination of industry experience and rigorous, fact-based analysis that provide clients with clear, implementable solutions to complex business concerns.

Practices seeking to hire candidates with this profile include (hiring locations listed)

Antitrust & Competition(Boston, Chicago, Oakland, Salt Lake City, Washington, DC)
Our Competition practice economists provide analysis and testimony in matters involving mergers and acquisitions, antitrust litigation, and global competition policy.
Finance(Boston, Chicago)
Our Finance experts work on valuation issues (shareholder class actions and other corporate valuation disputes), as well as matters focused on the functioning of financial markets and institutions (alleged market manipulation and insider trading)
Labor & Employment(New York, Tallahassee, Washington, DC)
We provide in-depth analysis, expert reports, testimony, and advisory services to clients involved in complex labor and employment issues such as wage and hour litigation and pay equity disputes.
Life Sciences/Litigation & Policy(Boston, Washington, DC)
Our litigation team delivers expert testimony on a range of issues, while our policy experts provide independent analysis of global, national and regional policy issues for life sciences companies, government entities and industry bodies.

Learn more about our work by reviewing our Services and Industries on our website.

Position Overview

Our Summer Analyst/Associate Internship program mirrors the analyst experience to give you an understanding of our business and experience project work at Charles River Associates. Throughout the 8-10 week program, Analyst/Associate Interns work alongside senior colleagues to deliver live client consulting projects within the practice area. Along the way, you’ll benefit from professional development and wellness support programs, social events to connect you with peers and a collegial work environment. Successful interns will be offered a full-time position following graduation.

During the Economics Consulting Analyst/Associate Internship program, you may work on many aspects of a project:

Conduct economic and industry research to build an understanding of a case’s issues;
Perform financial and economic analyses or create valuation models to support case theories;
Program, build models, and perform regression analyses using languages such as Excel, Stata, R, Python, SQL, or SAS;
Develop familiarity with data sources that serve as input to your analyses;
Review and summarize analyst reports, client documents and industry trade press;
Assist in the production and development of research summaries, expert reports, and findings presentations;
Ensure reliability of analysis through quality control review.

Check out our blog about a typical day at CRA and how you can make an impact!

Desired Qualifications

Bachelor’s or Master’s degree candidates graduating December 2027/Summer 2028 with an academic focus on quantitative research (Economics, Business, Statistics, Mathematics, Computer Science or related);
Completion of an honors thesis, research apprenticeship, or research seminar program is highly desired;
Demonstrated understanding of, and ability to explain, economic, financial and/or accounting concepts, and quantitative and qualitative analysis methods;
Experience in Excel, Stata, Python, R, SQL, SAS, ArcGIS/ArcPy, or Cloud computing (Databricks/Spark, Google Cloud, Azure, AWS);
Curious and analytical thinkers who bring creative approaches to non-standard problems;
Effective written and oral communication skills;
Eagerness to learn new skills and programming languages;
Demonstrated high level of initiative and leadership;
Demonstrated attention to detail and commitment to producing accurate, high-quality work;
Strong teamwork and collaboration capabilities;
Excellent time management and task prioritization skills;
Clear and demonstrated interest in consulting through coursework, work experience, activities, or attendance at CRA recruiting events.
As China Competition projects require Mandarin language fluency in economic analysis and business settings, consideration for work on these projects necessitates additional interviews during the final round interview. The additional interviews will evaluate your written (Simple Chinese), verbal and comprehension of Mandarin language fluency in economic analysis and business settings. 

To apply

To be considered for a position in the United States, we require the following:

Resume – please include current address, personal email and telephone number;
Cover letter – please describe your interest in CRA and how this role matches your goals. Also, please note if you have interest in a particular practice and/or a location preference;
Transcript – may be unofficial;
Writing Sample – independently authored and includes your commentary on a quantitative analysis.

If you are interested in applying for one of our international locations, please visit our Careers site to view and apply for available jobs.

Please also note that candidate resume review will commence later in the fall semester and continue on a rolling basis until positions are filled.

Career Growth and Benefits 

CRA’s robust skills development programs, including a commitment to offering 100 hours of training annually through formal and informal programs, encourage you to thrive as an individual and team member. Beginning with research and analysis skill building, training continues with technical training, presentation skills, internal seminars, and career mentoring and performance coaching from an assigned senior colleague. Additional leadership and collaboration opportunities exist through internal firm development activities.
We offer a comprehensive total rewards program including a superior benefits package, wellness programming to support physical, mental, emotional and financial well-being, and in-house immigration support for foreign nationals and international business travelers.

Work Location Flexibility

CRA creates a work environment that enables our colleagues to benefit from being together in the office to best deliver on our promise of career growth, mentorship and inclusivity. At the same time, we recognize that individuals realize a range of benefits when working from home periodically. We currently ask that individuals spend 3 to 4 days a week on average working in the office, with specific days determined in coordination with your practice or team.

Our Commitment to Equal Employment Opportunity

Charles River Associates is an equal opportunity employer (EOE). All qualified applicants will receive consideration for employment without regard to race, color, religion, sex, national origin, age, disability, status as a protected veteran, or any other protected characteristic under applicable law.

 

The state of California and the District of Columbia require CRA to include a good-faith estimate of the wage range for this role. This range is specific to individuals applying to work in our California and Washington DC offices and considers several factors including but not limited to experience, education level, and expertise. A good-faith estimate of the base wage range for this role is $30 - $37.50 per hour; actual total compensation may also include benefits and bonus.

Create a Job Alert

Interested in building your career at Charles River Associates? Get future opportunities sent straight to your email.

Create alert
Apply for this job

*

indicates a required field

Autofill my application
First Name*
Last Name*
Preferred First Name
Email*
Phone
Country*.remix-css-b62m3t-container{position:relative;box-sizing:border-box;}
.remix-css-7pg0cj-a11yText{z-index:9999;border:0;clip:rect(1px, 1px, 1px, 1px);height:1px;width:1px;position:absolute;overflow:hidden;padding:0;white-space:nowrap;}
.remix-css-13cymwt-control{-webkit-align-items:center;-webkit-box-align:center;-ms-flex-align:center;align-items:center;cursor:default;display:-webkit-box;display:-webkit-flex;display:-ms-flexbox;display:flex;-webkit-box-flex-wrap:wrap;-webkit-flex-wrap:wrap;-ms-flex-wrap:wrap;flex-wrap:wrap;-webkit-box-pack:justify;-webkit-justify-content:space-between;justify-content:space-between;min-height:38px;outline:0!important;position:relative;-webkit-transition:all 100ms;transition:all 100ms;background-color:hsl(0, 0%, 100%);border-color:hsl(0, 0%, 80%);border-radius:4px;border-style:solid;border-width:1px;box-sizing:border-box;}.remix-css-13cymwt-control:hover{border-color:hsl(0, 0%, 70%);}
.remix-css-hlgwow{-webkit-align-items:center;-webkit-box-align:center;-ms-flex-align:center;align-items:center;display:grid;-webkit-flex:1;-ms-flex:1;flex:1;-webkit-box-flex-wrap:wrap;-webkit-flex-wrap:wrap;-ms-flex-wrap:wrap;flex-wrap:wrap;-webkit-overflow-scrolling:touch;position:relative;overflow:hidden;padding:2px 8px;box-sizing:border-box;}
.remix-css-1jqq78o-placeholder{grid-area:1/1/2/3;color:hsl(0, 0%, 50%);margin-left:2px;margin-right:2px;box-sizing:border-box;}
.remix-css-19bb58m{visibility:visible;-webkit-flex:1 1 auto;-ms-flex:1 1 auto;flex:1 1 auto;display:inline-grid;grid-area:1/1/2/3;grid-template-columns:0 min-content;margin:2px;padding-bottom:2px;padding-top:2px;color:hsl(0, 0%, 20%);box-sizing:border-box;}.remix-css-19bb58m:after{content:attr(data-value) "" "";visibility:hidden;white-space:pre;grid-area:1/2;font:inherit;min-width:2px;border:0;margin:0;outline:0;padding:0;}
.remix-css-1wy0on6{-webkit-align-items:center;-webkit-box-align:center;-ms-flex-align:center;align-items:center;-webkit-align-self:stretch;-ms-flex-item-align:stretch;align-self:stretch;display:-webkit-box;display:-webkit-flex;display:-ms-flexbox;display:flex;-webkit-flex-shrink:0;-ms-flex-negative:0;flex-shrink:0;box-sizing:border-box;}
.remix-css-1a0ro4n-requiredInput{opacity:0;pointer-events:none;position:absolute;bottom:0;left:0;right:0;width:100%;}
Phone*
Location (City)*
Locate me
Resume/CV*
AttachAttach
Dropbox
Google Drive
Enter manuallyEnter manually

Accepted file types: pdf, doc, docx, txt, rtf

Cover Letter*
AttachAttach
Dropbox
Google Drive
Enter manuallyEnter manually

Accepted file types: pdf, doc, docx, txt, rtf

Education

School*
Select...
Degree*
Select...
Discipline*
Select...
End date month*
Select...
End date year*
Add another
Secondary/Dual Major Discipline
Select...

Please select your second or dual major field. If none, leave blank.

Minor/Concentration Discipline
Select...

Please select your academic minor or concentration discipline. If none, leave blank.

Other Discipline (if not listed)

If your academic field is not listed (for secondary/dual or minor/concentration), please indicate field(s) here.

Transcript (Undergraduate)*
AttachAttach
Dropbox
Google Drive

Accepted file types: pdf, doc, docx, txt, rtf

Please attach your undergraduate transcript (may be unofficial version).

Transcript (Graduate, if applicable)
AttachAttach
Dropbox
Google Drive

Accepted file types: pdf, doc, docx, txt, rtf

Please attach your graduate transcript, if applicable (may be unofficial version).

GPA / Degree Class*
Select...
Writing Sample*
AttachAttach
Dropbox
Google Drive

Accepted file types: pdf, doc, docx, txt, rtf

LinkedIn Profile

Please provide your LinkedIn profile link.

Practice Preference #1*
Select...

Please indicate your primary practice preference.

Practice Preference #2
Select...

Please indicate your second practice preference.

Location Preference #1*
Select...

Please indicate your preferred location.

Location Preference #2
Select...

Please indicate your second preference location.

Language Fluency*
Select...

Please indicate below any languages with which you have business-level fluency.

CRA asks colleagues to work in their designated office 3-4 days per week on average. Are you available to come into the office 3-4 days per week?*
Select...
Start Date*

Please indicate your earliest availability to start with CRA (not binding).

Do you have data or research experience outside of classwork?*
Select...
Please indicate which programming tools you have used for coursework or classroom assignments? (Please select all that apply) *
STATA
Python
R
SQL
SAS
ArcGIS/ArcPy
Cloud computing (Databricks/Spark, Google Cloud, Azure, AWS – Amazon Web Services)
None
Please indicate which programming tools you have used outside of classroom assignments (e.g., independent research, thesis projects, research assistantships, internships, or other relevant experiences)? (Please select all that apply) *
STATA
Python
R
SQL
SAS
ArcGIS/ArcPy
Cloud computing (Databricks/Spark, Google Cloud, Azure, AWS – Amazon Web Services)
None
Work Eligibility*
Select...

Are you currently eligible to work in the United States of America?

Will you now, or in the future, require CRA to commence (sponsor) an immigration case in order to employ you (for example, H1-B or other employment-based immigration case)?*
Select...
Privacy Notice *
Acknowledge

CRA is committed to maintaining the accuracy, confidentiality and security of your personal information. CRA’s Privacy Notice describes the personal data that CRA collects from or about you, how it is used and with whom it is disclosed to. Please click to view CRA’s Privacy Notice, and acknowledge receipt.

Submit application

Powered by

Greenhouse
((STORAGE_KEY, restoreKey) => { if (!window.history.state || !window.history.state.key) { let key = Math.random().toString(32).slice(2); window.history.replaceState({ key }, """"); } try { let positions = JSON.parse(sessionStorage.getItem(STORAGE_KEY) || ""{}""); let storedY = positions[restoreKey || window.history.state.key]; if (typeof storedY === ""number"") { window.scrollTo(0, storedY); } } catch (error) { console.error(error); sessionStorage.removeItem(STORAGE_KEY); } })(""positions"", null)window.ENV = {""ASSET_URL"":""https://job-boards.cdn.greenhouse.io"",""EMAIL_ADDRESS_VALIDATOR_HOST"":""email-address-validator.us.greenhouse.io"",""JBEN_URL"":""https://boards.greenhouse.io"",""LOCATION_CONTROL_PROVIDER"":""pelias"",""LOCATION_CONTROL_API_KEY"":""ge-39f1178289d5d0c5"",""LOCATION_CONTROL_BASE_URL"":""https://api-geocode-earth-proxy.greenhouse.io/"",""LOTUS_GIT_COMMIT"":""33d5f6438f804ee219c51254241aba6c1dbb089b"",""MAX_POSTS_PER_PAGE"":50,""ROLLBAR_ENV"":""production"",""ROLLBAR_FE_ENABLED"":true,""ROLLBAR_POST_CLIENT_ITEM_TOKEN"":""fb557f59a5a84ab788801dd742eacf34"",""ROLLBAR_FILTER_HYDRATION_ERRORS"":true,""GOOGLE_PICKER_APP_ID"":""594601915089"",""GOOGLE_PICKER_DEVELOPER_KEY"":""AIzaSyBeoz4WOjOsy8ZJFIkkQBvL8BZQCzLplHQ"",""GOOGLE_PICKER_CLIENT_ID"":""594601915089-7c2994029qkt5qu2tmbppujr9jqrqqrs.apps.googleusercontent.com"",""DROPBOX_CHOOSER_API_KEY"":""mh9jyh4mfwjnfhj"",""GOOGLE_RECAPTCHA_INVISIBLE_KEY"":""6LfmcbcpAAAAAChNTbhUShzUOAMj_wY9LQIvLFX0"",""GOOGLE_RECAPTCHA_ENDPOINT"":""https://www.recaptcha.net/recaptcha/enterprise.js"",""JOB_SEEKERS_URL"":""https://my.greenhouse.io"",""SNOWPLOW_APP_ID"":""job-board-renderer"",""SNOWPLOW_ENABLED"":true,""SNOWPLOW_ENDPOINT"":""c.spl.greenhouse.io"",""SNOWPLOW_NAMESPACE"":""job-board-renderer-tracker"",""SNOWPLOW_DEBUG"":false,""TRACK_STATUS_DESIGN_VARIANTS"":true}window.__remixContext = {""basename"":""/"",""future"":{""v3_fetcherPersist"":false,""v3_relativeSplatPath"":false,""v3_throwAbortReason"":false,""v3_routeConfig"":false,""v3_singleFetch"":false,""v3_lazyRouteDiscovery"":false,""unstable_optimizeDeps"":false},""isSpaMode"":false,""state"":{""loaderData"":{""root"":{""internal"":false,""preview"":false,""locale"":""en"",""href"":""http://job-boards.greenhouse.io/charlesriverassociates/jobs/8120300"",""ENV"":{""ASSET_URL"":""https://job-boards.cdn.greenhouse.io"",""EMAIL_ADDRESS_VALIDATOR_HOST"":""email-address-validator.us.greenhouse.io"",""JBEN_URL"":""https://boards.greenhouse.io"",""LOCATION_CONTROL_PROVIDER"":""pelias"",""LOCATION_CONTROL_API_KEY"":""ge-39f1178289d5d0c5"",""LOCATION_CONTROL_BASE_URL"":""https://api-geocode-earth-proxy.greenhouse.io/"",""LOTUS_GIT_COMMIT"":""33d5f6438f804ee219c51254241aba6c1dbb089b"",""MAX_POSTS_PER_PAGE"":50,""ROLLBAR_ENV"":""production"",""ROLLBAR_FE_ENABLED"":true,""ROLLBAR_POST_CLIENT_ITEM_TOKEN"":""fb557f59a5a84ab788801dd742eacf34"",""ROLLBAR_FILTER_HYDRATION_ERRORS"":true,""GOOGLE_PICKER_APP_ID"":""594601915089"",""GOOGLE_PICKER_DEVELOPER_KEY"":""AIzaSyBeoz4WOjOsy8ZJFIkkQBvL8BZQCzLplHQ"",""GOOGLE_PICKER_CLIENT_ID"":""594601915089-7c2994029qkt5qu2tmbppujr9jqrqqrs.apps.googleusercontent.com"",""DROPBOX_CHOOSER_API_KEY"":""mh9jyh4mfwjnfhj"",""GOOGLE_RECAPTCHA_INVISIBLE_KEY"":""6LfmcbcpAAAAAChNTbhUShzUOAMj_wY9LQIvLFX0"",""GOOGLE_RECAPTCHA_ENDPOINT"":""https://www.recaptcha.net/recaptcha/enterprise.js"",""JOB_SEEKERS_URL"":""https://my.greenhouse.io"",""SNOWPLOW_APP_ID"":""job-board-renderer"",""SNOWPLOW_ENABLED"":true,""SNOWPLOW_ENDPOINT"":""c.spl.greenhouse.io"",""SNOWPLOW_NAMESPACE"":""job-board-renderer-tracker"",""SNOWPLOW_DEBUG"":false,""TRACK_STATUS_DESIGN_VARIANTS"":true},""boardConfiguration"":{""job_board_id"":5405,""logo"":{""href"":""https://www.crai.com/"",""url"":""https://recruiting.cdn.greenhouse.io/external_greenhouse_job_boards/logos/000/005/405/original/CRA-short-white.png?1742508515""},""filters"":{""include_office_filter"":true,""include_department_filter"":true,""allow_custom_field_filters"":false},""button_shape"":""pill"",""cta_text"":""Apply"",""primary_font"":""Helvetica"",""secondary_font"":""Helvetica"",""custom_primary_font_url"":null,""custom_secondary_font_url"":null,""dropdown_selection_color"":""#0DB6CD"",""active_field_color"":""#709ce2"",""link_color"":""#3D74CC"",""list_selection_color"":""#d5e2f6"",""primary_font_color"":""#0073AE"",""outside_label"":false,""view_all_link"":false,""button_color"":""#0073AE"",""button_hover_color"":""#135475"",""button_text_color"":""#FFFFFF"",""banner_url"":""https://recruiting.cdn.greenhouse.io/job_board_renderer/job_board_configurations/banners/000/002/658/original/CRA-Greenhouse-Banner-0225.png?1742508515"",""board_layout"":""stacked"",""display_department_hierarchy"":true,""hide_app_description"":false,""header_text"":""Current openings at Charles River Associates"",""job_board_public_url"":""https://job-boards.greenhouse.io/charlesriverassociates"",""secondary_font_color"":""#262626"",""background_color"":""#ffffff"",""disable_captcha"":false,""disable_eeoc_quick_apply"":false,""display_departments"":true,""display_search_bar"":true,""display_new_jobs_tag"":true,""display_number_of_open_jobs"":true,""display_footer"":true,""application_tracking_enabled"":true,""seek_id"":"""",""enable_recruitics"":false,""appcast_tracking_code"":null,""google_drive_enabled"":true,""enable_dropbox"":true,""allow_external_notifications"":true,""display_job_trust_profiles"":false,""grayscale_ai_bot_enabled"":false,""grayscale_ai_bot_access_token"":null},""urlToken"":""charlesriverassociates"",""embedded"":false,""isJobPost"":true},""routes/$url_token_.jobs_.$job_post_id"":{""jobPost"":{""post_type"":""job_post"",""language"":""en"",""title"":""(2028 Bachelor's/Master's graduates) Economics Consulting Analyst/Associate Intern (Summer 2027)"",""hiring_plan_id"":3517104,""content"":""\u003cp\u003eIf your background is in \u003cstrong\u003eEconomics, Business, Statistics, Mathematics, Computer Science, or any other major focused on quantitative research\u003c/strong\u003e, learn more about internship opportunities with CRA!\u003c/p\u003e\n\u003cp\u003e\u003cstrong\u003eAbout Charles River Associates\u003c/strong\u003e\u003c/p\u003e\n\u003cp\u003eCharles River Associates is a leading global consulting firm that provides economic, financial, and business management expertise to major law firms, corporations and governments around the world. CRA advises clients on economic and financial matters pertaining to litigation and regulatory proceedings, and guides corporations through critical business strategy and performance-related issues. Since 1965, clients have engaged CRA for its combination of industry experience and rigorous, fact-based analysis that provide clients with clear, implementable solutions to complex business concerns.\u003c/p\u003e\n\u003cp\u003ePractices seeking to hire candidates with this profile include (hiring locations listed)\u003c/p\u003e\n\u003cul\u003e\n\u003cli\u003e\u003ca href=\""https://www.crai.com/services/antitrust-and-competition/\""\u003eAntitrust \u0026amp; Competition\u003c/a\u003e (Boston, Chicago, Oakland, Salt Lake City, Washington, DC)\n\u003cul\u003e\n\u003cli\u003eOur Competition practice economists provide analysis and testimony in matters involving mergers and acquisitions, antitrust litigation, and global competition policy.\u003c/li\u003e\n\u003c/ul\u003e\n\u003c/li\u003e\n\u003cli\u003e\u003ca href=\""https://www.crai.com/finance-careers/\""\u003eFinance\u003c/a\u003e (Boston, Chicago)\n\u003cul\u003e\n\u003cli\u003eOur Finance experts work on valuation issues (shareholder class actions and other corporate valuation disputes), as well as matters focused on the functioning of financial markets and institutions (alleged market manipulation and insider trading)\u003c/li\u003e\n\u003c/ul\u003e\n\u003c/li\u003e\n\u003cli\u003e\u003ca href=\""https://www.crai.com/labor-employment-careers/\""\u003eLabor \u0026amp; Employment\u003c/a\u003e (New York, Tallahassee, Washington, DC)\n\u003cul\u003e\n\u003cli\u003eWe provide in-depth analysis, expert reports, testimony, and advisory services to clients involved in complex labor and employment issues such as wage and hour litigation and pay equity disputes.\u003c/li\u003e\n\u003c/ul\u003e\n\u003c/li\u003e\n\u003cli\u003e\u003ca href=\""https://www.crai.com/industries/life-sciences/litigation/\""\u003eLife Sciences/Litigation \u0026amp; Policy\u003c/a\u003e (Boston, Washington, DC)\n\u003cul\u003e\n\u003cli\u003eOur litigation team delivers expert testimony on a range of issues, while our policy experts provide independent analysis of global, national and regional policy issues for life sciences companies, government entities and industry bodies.\u003c/li\u003e\n\u003c/ul\u003e\n\u003c/li\u003e\n\u003c/ul\u003e\n\u003cp\u003e\u003cem\u003eLearn more about our work by reviewing our Services and Industries on our \u003ca href=\""https://www.crai.com/\""\u003ewebsite\u003c/a\u003e.\u003c/em\u003e\u003c/p\u003e\n\u003cp\u003e\u003cstrong\u003ePosition Overview\u003c/strong\u003e\u003c/p\u003e\n\u003cp\u003eOur \u003ca href=\""https://www.crai.com/careers/intern-program/\""\u003eSummer Analyst/Associate Internship program\u003c/a\u003e mirrors the analyst experience to give you an understanding of our business and experience project work at Charles River Associates. Throughout the 8-10 week program, Analyst/Associate Interns work alongside senior colleagues to deliver live client consulting projects within the practice area. Along the way, you’ll benefit from professional development and wellness support programs, social events to connect you with peers and a collegial work environment. Successful interns will be offered a full-time position following graduation.\u003c/p\u003e\n\u003cp\u003eDuring the Economics Consulting Analyst/Associate Internship program, you may work on many aspects of a project:\u003c/p\u003e\n\u003cul\u003e\n\u003cli\u003eConduct economic and industry research to build an understanding of a case’s issues;\u003c/li\u003e\n\u003cli\u003ePerform financial and economic analyses or create valuation models to support case theories;\u003c/li\u003e\n\u003cli\u003eProgram, build models, and perform regression analyses using languages such as Excel, Stata, R, Python, SQL, or SAS;\u003c/li\u003e\n\u003cli\u003eDevelop familiarity with data sources that serve as input to your analyses;\u003c/li\u003e\n\u003cli\u003eReview and summarize analyst reports, client documents and industry trade press;\u003c/li\u003e\n\u003cli\u003eAssist in the production and development of research summaries, expert reports, and findings presentations;\u003c/li\u003e\n\u003cli\u003eEnsure reliability of analysis through quality control review.\u003c/li\u003e\n\u003c/ul\u003e\n\u003cp\u003e\u003cem\u003eCheck out our blog about\u003c/em\u003e\u003ca href=\""https://www.crai.com/cra-careers/career-blogs/?keyword=typical%20day\u0026amp;page=1\""\u003e\u003cem\u003e a typical day at CRA\u003c/em\u003e\u003c/a\u003e\u003cem\u003e and how you can make an \u003c/em\u003e\u003ca href=\""https://www.youtube.com/watch?v=rBrZUyLZGz8\""\u003e\u003cem\u003eimpact\u003c/em\u003e\u003c/a\u003e\u003cem\u003e!\u003c/em\u003e\u003c/p\u003e\n\u003cp\u003e\u003cstrong\u003eDesired Qualifications\u003c/strong\u003e\u003c/p\u003e\n\u003cul\u003e\n\u003cli\u003eBachelor’s or Master’s degree candidates graduating December 2027/Summer 2028 with an academic focus on quantitative research (Economics, Business, Statistics, Mathematics, Computer Science or related);\u003c/li\u003e\n\u003cli\u003eCompletion of an honors thesis, research apprenticeship, or research seminar program is highly desired;\u003c/li\u003e\n\u003cli\u003eDemonstrated understanding of, and ability to explain, economic, financial and/or accounting concepts, and quantitative and qualitative analysis methods;\u003c/li\u003e\n\u003cli\u003eExperience in Excel, Stata, Python, R, SQL, SAS, ArcGIS/ArcPy, or Cloud computing (Databricks/Spark, Google Cloud, Azure, AWS);\u003c/li\u003e\n\u003cli\u003eCurious and analytical thinkers who bring creative approaches to non-standard problems;\u003c/li\u003e\n\u003cli\u003eEffective written and oral communication skills;\u003c/li\u003e\n\u003cli\u003eEagerness to learn new skills and programming languages;\u003c/li\u003e\n\u003cli\u003eDemonstrated high level of initiative and leadership;\u003c/li\u003e\n\u003cli\u003eDemonstrated attention to detail and commitment to producing accurate, high-quality work;\u003c/li\u003e\n\u003cli\u003eStrong teamwork and collaboration capabilities;\u003c/li\u003e\n\u003cli\u003eExcellent time management and task prioritization skills;\u003c/li\u003e\n\u003cli\u003eClear and demonstrated interest in consulting through coursework, work experience, activities, or attendance at CRA recruiting events.\u003c/li\u003e\n\u003cli\u003eAs China Competition projects require \u003cstrong\u003eMandarin language fluency\u003c/strong\u003e in economic analysis and business settings, consideration for work on these projects necessitates additional interviews during the final round interview. The additional interviews will evaluate your written (Simple Chinese), verbal and comprehension of Mandarin language fluency in economic analysis and business settings.\u0026nbsp;\u003c/li\u003e\n\u003c/ul\u003e\n\u003cp\u003e\u003cstrong\u003eTo apply\u003c/strong\u003e\u003c/p\u003e\n\u003cp\u003eTo be considered for a \u003cstrong\u003eposition in the United States\u003c/strong\u003e, we require the following:\u003c/p\u003e\n\u003cul\u003e\n\u003cli\u003e\u003cstrong\u003eResume\u003c/strong\u003e – please include current address, personal email and telephone number;\u003c/li\u003e\n\u003cli\u003e\u003cstrong\u003eCover letter\u003c/strong\u003e – please describe your interest in CRA and how this role matches your goals. Also, please note if you have interest in a particular practice and/or a location preference;\u003c/li\u003e\n\u003cli\u003e\u003cstrong\u003eTranscript\u003c/strong\u003e – may be unofficial;\u003c/li\u003e\n\u003cli\u003e\u003cstrong\u003eWriting Sample\u003c/strong\u003e – independently authored and includes your commentary on a quantitative analysis.\u003c/li\u003e\n\u003c/ul\u003e\n\u003cp\u003eIf you are interested in applying for one of our \u003cstrong\u003einternational locations\u003c/strong\u003e, please visit our \u003ca href=\""https://www.crai.com/cra-careers/\""\u003eCareers site\u003c/a\u003e to view and apply for available jobs.\u003c/p\u003e\n\u003cp\u003ePlease also note that candidate resume review will commence later in the fall semester and continue on a rolling basis until positions are filled.\u003c/p\u003e\n\u003cp\u003e\u003cstrong\u003eCareer Growth and Benefits\u0026nbsp;\u003c/strong\u003e\u003c/p\u003e\n\u003cul\u003e\n\u003cli\u003eCRA’s robust \u003ca href=\""https://www.crai.com/cra-careers/talent-development/\""\u003eskills development programs\u003c/a\u003e, including a commitment to offering 100 hours of training annually through formal and informal programs, encourage you to thrive as an individual and team member. Beginning with research and analysis skill building, training continues with technical training, presentation skills, internal seminars, and career mentoring and performance coaching from an assigned senior colleague. Additional leadership and collaboration opportunities exist through internal firm development activities.\u003c/li\u003e\n\u003cli\u003eWe offer a comprehensive total rewards program including a superior benefits package, \u003ca href=\""https://www.crai.com/benefits/\""\u003ewellness programming\u003c/a\u003e to support physical, mental, emotional and financial well-being, and in-house \u003ca href=\""https://www.crai.com/cra-careers/immigration-global-mobility/\""\u003eimmigration support\u003c/a\u003e for foreign nationals and international business travelers.\u003c/li\u003e\n\u003c/ul\u003e\n\u003cp\u003e\u003cstrong\u003eWork Location Flexibility\u003c/strong\u003e\u003c/p\u003e\n\u003cp\u003eCRA creates a work environment that enables our colleagues to benefit from being together in the office to best deliver on our promise of career growth, mentorship and inclusivity. At the same time, we recognize that individuals realize a range of benefits when working from home periodically. We currently ask that individuals spend 3 to 4 days a week on average working in the office, with specific days determined in coordination with your practice or team.\u003c/p\u003e\n\u003cp\u003e\u003cstrong\u003eOur Commitment to Equal Employment Opportunity\u003c/strong\u003e\u003c/p\u003e\n\u003cp style=\""margin: 0in;\""\u003e\u003cspan style=\""font-size: 10.0pt; font-family: 'Arial',sans-serif;\""\u003eCharles River Associates is an equal opportunity employer (EOE). All qualified applicants will receive consideration for employment without regard to race, color, religion, sex, national origin, age, disability, status as a protected veteran, or any other protected characteristic under applicable law.\u003c/span\u003e\u003c/p\u003e\n\u003cp\u003e\u0026nbsp;\u003c/p\u003e\n\u003cp\u003e\u003cspan style=\""font-size: 8pt;\""\u003e\u003cem\u003eThe state of California and the District of Columbia require CRA to include a good-faith estimate of the wage range for this role. This range is specific to individuals applying to work in our California and Washington DC offices and considers several factors including but not limited to experience, education level, and expertise. A good-faith estimate of the base wage range for this role is $30 - $37.50 per hour; actual total compensation may also include benefits and bonus.\u003c/em\u003e\u003c/span\u003e\u003c/p\u003e"",""introduction"":null,""conclusion"":null,""enable_eeoc"":false,""job_post_location"":""Boston, MA, United States; Chicago, IL, United States; New York, NY, United States; Oakland, CA, United States; Salt Lake City, UT, United States; Washington, DC, United States"",""public_url"":""https://job-boards.greenhouse.io/charlesriverassociates/jobs/8120300"",""company_name"":""Charles River Associates"",""confirmation_message"":""\u003ch2\u003eThank you for applying.\u003c/h2\u003e\n\u003cp\u003e\u003cspan style=\""font-size: 12px;\""\u003eThank you for your interest in Charles River Associates! Your application has been provided to our recruiting team for consideration.\u003cbr\u003e\u003cbr\u003eWe review all applications to see which ones best match our open positions and contact the individuals we think may be a good fit for one or more roles.\u003cbr\u003e\u003cbr\u003eDue to the high number of applications we receive, we are unable to respond to every candidate. However, we will keep your application on file in case a future position matches your qualifications. If you would like us to delete your application at any point, please contact us at PrivacyMatters@crai.com.\u0026nbsp;\u003cbr\u003e\u003cbr\u003eWe encourage you to connect with us via\u0026nbsp;\u003ca href=\""https://urldefense.proofpoint.com/v2/url?u=https-3A__www.linkedin.com_company_6511-3Ftrk-3Dtyah-26trkInfo-3Dtas-3Acharles-2520river-2520associates-2Cidx-3A2-2D1-2D2\u0026amp;d=CwMGaQ\u0026amp;c=-dg2m7zWuuDZ0MUcV7Sdqw\u0026amp;r=G9tSATlSr9M7mRarWcqgA65x8WLIfTtm8QNPniD3Vow\u0026amp;m=ewmWYVP6uaVAn8KPWfPTh9_eEPyW0zEh_G0BljnqHwI\u0026amp;s=hgQAO6EXD7RzwUYRN19bNTMjrZLX39onaMbyy_e7cm4\u0026amp;e=\""\u003eLinkedIn\u003c/a\u003e,\u0026nbsp;\u003ca href=\""https://facebook.com/CharlesRiverAssociates\""\u003eFacebook\u003c/a\u003e, \u003ca href=\""https://urldefense.proofpoint.com/v2/url?u=https-3A__www.youtube.com_channel_UC4tSKsRFqNdwfiCphQfqsgw_videos\u0026amp;d=CwMGaQ\u0026amp;c=-dg2m7zWuuDZ0MUcV7Sdqw\u0026amp;r=G9tSATlSr9M7mRarWcqgA65x8WLIfTtm8QNPniD3Vow\u0026amp;m=ewmWYVP6uaVAn8KPWfPTh9_eEPyW0zEh_G0BljnqHwI\u0026amp;s=FOa0fLQpN8VAWek8D62Pp5JY1WkIa5LmzuBTGRa2ISY\u0026amp;e=\""\u003eYouTube\u003c/a\u003e\u0026nbsp;and\u0026nbsp;\u003ca href=\""https://urldefense.proofpoint.com/v2/url?u=https-3A__www.instagram.com_charlesriverassociates_-3Fhl-3Den\u0026amp;d=CwMGaQ\u0026amp;c=-dg2m7zWuuDZ0MUcV7Sdqw\u0026amp;r=G9tSATlSr9M7mRarWcqgA65x8WLIfTtm8QNPniD3Vow\u0026amp;m=ewmWYVP6uaVAn8KPWfPTh9_eEPyW0zEh_G0BljnqHwI\u0026amp;s=He9wo2r9dT91J4KLWz0udXNbu4FpC6hSoV_exAB3wR4\u0026amp;e=\""\u003eInstagram\u003c/a\u003e. We share updates on these sites about our consultants, our offices, practices, recent cases and clients, and CRA initiatives. If you would like to learn more about the day-to-day CRA experience, check out\u0026nbsp;\u003ca href=\""https://urldefense.proofpoint.com/v2/url?u=http-3A__www.crai.com_blog\u0026amp;d=CwMGaQ\u0026amp;c=-dg2m7zWuuDZ0MUcV7Sdqw\u0026amp;r=G9tSATlSr9M7mRarWcqgA65x8WLIfTtm8QNPniD3Vow\u0026amp;m=ewmWYVP6uaVAn8KPWfPTh9_eEPyW0zEh_G0BljnqHwI\u0026amp;s=VbqETYhpUDpU35dOZrgqVUX4rXGdkSV6UNglFZv9dMY\u0026amp;e=\""\u003eThe Current\u003c/a\u003e\u0026nbsp;(our blog about the CRA experience in our various offices and practices).\u003cbr\u003e\u003cbr\u003eOnce again, we appreciate your interest in CRA!\u003cbr\u003e\u003cbr\u003eBest wishes,\u0026nbsp;\u003cbr\u003eThe Talent Acquisition Team\u003cbr\u003eCharles River Associates\u003c/span\u003e\u003c/p\u003e"",""pay_ranges"":[],""published_at"":""2026-08-28T11:15:25-04:00"",""employment"":""hidden"",""fingerprint"":""4d48c98720fa76b3fff8d25fe930dfd28ebd690a"",""redirect_to"":null,""is_featured"":false,""ai_disclaimer"":null,""include_ai_disclaimer"":null,""apply_with_seek"":null,""show_quick_apply_cta"":true,""ai_opt_out_request_url"":null,""application_deadline"":null,""education_config"":{""id"":7477141,""school_name"":""required"",""degree"":""required"",""discipline"":""required"",""start_month"":""hidden"",""start_year"":""hidden"",""end_month"":""required"",""end_year"":""required""},""questions"":[{""required"":true,""label"":""First Name"",""description"":null,""fields"":[{""name"":""first_name"",""type"":""input_text""}]},{""required"":true,""label"":""Last Name"",""description"":null,""fields"":[{""name"":""last_name"",""type"":""input_text""}]},{""required"":false,""label"":""Preferred First Name"",""description"":null,""fields"":[{""name"":""preferred_name"",""type"":""input_text""}]},{""required"":true,""label"":""Email"",""description"":null,""fields"":[{""name"":""email"",""type"":""input_text""}]},{""required"":true,""label"":""Phone"",""description"":null,""fields"":[{""name"":""phone"",""type"":""input_text""}]},{""required"":true,""label"":""Candidate Location"",""description"":null,""fields"":[{""name"":""candidate_location"",""type"":""input_text""}]},{""required"":true,""label"":""Resume/CV"",""description"":null,""fields"":[{""name"":""resume"",""type"":""input_file"",""allowed_filetypes"":[""pdf"",""doc"",""docx"",""txt"",""rtf""]},{""name"":""resume_text"",""type"":""textarea""}]},{""required"":true,""label"":""Cover Letter"",""description"":null,""fields"":[{""name"":""cover_letter"",""type"":""input_file"",""allowed_filetypes"":[""pdf"",""doc"",""docx"",""txt"",""rtf""]},{""name"":""cover_letter_text"",""type"":""textarea""}]},{""required"":false,""label"":""Secondary/Dual Major Discipline"",""description"":""\u003cp\u003e\u003c!--StartFragment--\u003ePlease select your second or dual major field. If none, leave blank.\u003c!--EndFragment--\u003e\u003c/p\u003e"",""fields"":[{""name"":""question_68521976"",""type"":""multi_value_single_select"",""values"":[{""value"":747929503,""label"":""Accounting""},{""value"":747929504,""label"":""African Studies""},{""value"":747929505,""label"":""Agriculture""},{""value"":747929506,""label"":""Anthropology""},{""value"":747929507,""label"":""Applied Health Services""},{""value"":747929508,""label"":""Architecture""},{""value"":747929509,""label"":""Art""},{""value"":747929510,""label"":""Asian Studies""},{""value"":747929511,""label"":""Biology""},{""value"":747929512,""label"":""Business""},{""value"":747929513,""label"":""Business Administration""},{""value"":747929514,""label"":""Chemistry""},{""value"":747929515,""label"":""Classical Languages""},{""value"":747929516,""label"":""Communications \u0026 Film""},{""value"":747929517,""label"":""Computer Science""},{""value"":747929518,""label"":""Data Science""},{""value"":747929519,""label"":""Dentistry""},{""value"":747929520,""label"":""Developing Nations""},{""value"":747929521,""label"":""Discipline Unknown""},{""value"":747929522,""label"":""Earth Sciences""},{""value"":747929523,""label"":""Economics""},{""value"":747929524,""label"":""Education""},{""value"":747929525,""label"":""Electronics""},{""value"":747929526,""label"":""Engineering""},{""value"":747929527,""label"":""English Studies""},{""value"":747929528,""label"":""Environmental Studies""},{""value"":747929529,""label"":""European Studies""},{""value"":747929530,""label"":""Fashion""},{""value"":747929531,""label"":""Finance""},{""value"":747929532,""label"":""Fine Arts""},{""value"":747929533,""label"":""General Studies""},{""value"":747929534,""label"":""Health Services""},{""value"":747929535,""label"":""History""},{""value"":747929536,""label"":""Human Resources Management""},{""value"":747929537,""label"":""Humanities""},{""value"":747929538,""label"":""Industrial Arts \u0026 Carpentry""},{""value"":747929539,""label"":""Information Systems""},{""value"":747929540,""label"":""International Relations""},{""value"":747929541,""label"":""Journalism""},{""value"":747929542,""label"":""Languages""},{""value"":747929543,""label"":""Latin American Studies""},{""value"":747929544,""label"":""Law""},{""value"":747929545,""label"":""Linguistics""},{""value"":747929546,""label"":""Manufacturing \u0026 Mechanics""},{""value"":747929547,""label"":""Mathematics""},{""value"":747929548,""label"":""Medicine""},{""value"":747929549,""label"":""Middle Eastern Studies""},{""value"":747929550,""label"":""Naval Science""},{""value"":747929551,""label"":""North American Studies""},{""value"":747929552,""label"":""Nuclear Technics""},{""value"":747929553,""label"":""Operations Research \u0026 Strategy""},{""value"":747929554,""label"":""Organizational Theory""},{""value"":747929555,""label"":""Philosophy""},{""value"":747929556,""label"":""Physical Education""},{""value"":747929557,""label"":""Physical Sciences""},{""value"":747929558,""label"":""Physics""},{""value"":747929559,""label"":""Political Science""},{""value"":747929560,""label"":""Psychology""},{""value"":747929561,""label"":""Public Policy""},{""value"":747929562,""label"":""Public Service""},{""value"":747929563,""label"":""Religious Studies""},{""value"":747929564,""label"":""Russian \u0026 Soviet Studies""},{""value"":747929565,""label"":""Scandinavian Studies""},{""value"":747929566,""label"":""Science""},{""value"":747929567,""label"":""Slavic Studies""},{""value"":747929568,""label"":""Social Science""},{""value"":747929569,""label"":""Social Sciences""},{""value"":747929570,""label"":""Sociology""},{""value"":747929571,""label"":""Speech""},{""value"":747929572,""label"":""Statistics \u0026 Decision Theory""},{""value"":747929573,""label"":""Urban Studies""},{""value"":747929574,""label"":""Veterinary Medicine""},{""value"":747929575,""label"":""Other (Please Specify)""}]}],""multi_select_style"":""checkbox""},{""required"":false,""label"":""Minor/Concentration Discipline"",""description"":""\u003cp\u003e\u003c!--StartFragment--\u003ePlease select your academic minor or concentration discipline. If none, leave blank.\u003c!--EndFragment--\u003e\u003c/p\u003e"",""fields"":[{""name"":""question_68521977"",""type"":""multi_value_single_select"",""values"":[{""value"":747929576,""label"":""Accounting""},{""value"":747929577,""label"":""African Studies""},{""value"":747929578,""label"":""Agriculture""},{""value"":747929579,""label"":""Anthropology""},{""value"":747929580,""label"":""Applied Health Services""},{""value"":747929581,""label"":""Architecture""},{""value"":747929582,""label"":""Art""},{""value"":747929583,""label"":""Asian Studies""},{""value"":747929584,""label"":""Biology""},{""value"":747929585,""label"":""Business""},{""value"":747929586,""label"":""Business Administration""},{""value"":747929587,""label"":""Chemistry""},{""value"":747929588,""label"":""Classical Languages""},{""value"":747929589,""label"":""Communications \u0026 Film""},{""value"":747929590,""label"":""Computer Science""},{""value"":747929591,""label"":""Data Science""},{""value"":747929592,""label"":""Dentistry""},{""value"":747929593,""label"":""Developing Nations""},{""value"":747929594,""label"":""Discipline Unknown""},{""value"":747929595,""label"":""Earth Sciences""},{""value"":747929596,""label"":""Economics""},{""value"":747929597,""label"":""Education""},{""value"":747929598,""label"":""Electronics""},{""value"":747929599,""label"":""Engineering""},{""value"":747929600,""label"":""English Studies""},{""value"":747929601,""label"":""Environmental Studies""},{""value"":747929602,""label"":""European Studies""},{""value"":747929603,""label"":""Fashion""},{""value"":747929604,""label"":""Finance""},{""value"":747929605,""label"":""Fine Arts""},{""value"":747929606,""label"":""General Studies""},{""value"":747929607,""label"":""Health Services""},{""value"":747929608,""label"":""History""},{""value"":747929609,""label"":""Human Resources Management""},{""value"":747929610,""label"":""Humanities""},{""value"":747929611,""label"":""Industrial Arts \u0026 Carpentry""},{""value"":747929612,""label"":""Information Systems""},{""value"":747929613,""label"":""International Relations""},{""value"":747929614,""label"":""Journalism""},{""value"":747929615,""label"":""Languages""},{""value"":747929616,""label"":""Latin American Studies""},{""value"":747929617,""label"":""Law""},{""value"":747929618,""label"":""Linguistics""},{""value"":747929619,""label"":""Manufacturing \u0026 Mechanics""},{""value"":747929620,""label"":""Mathematics""},{""value"":747929621,""label"":""Medicine""},{""value"":747929622,""label"":""Middle Eastern Studies""},{""value"":747929623,""label"":""Naval Science""},{""value"":747929624,""label"":""North American Studies""},{""value"":747929625,""label"":""Nuclear Technics""},{""value"":747929626,""label"":""Operations Research \u0026 Strategy""},{""value"":747929627,""label"":""Organizational Theory""},{""value"":747929628,""label"":""Philosophy""},{""value"":747929629,""label"":""Physical Education""},{""value"":747929630,""label"":""Physical Sciences""},{""value"":747929631,""label"":""Physics""},{""value"":747929632,""label"":""Political Science""},{""value"":747929633,""label"":""Psychology""},{""value"":747929634,""label"":""Public Policy""},{""value"":747929635,""label"":""Public Service""},{""value"":747929636,""label"":""Religious Studies""},{""value"":747929637,""label"":""Russian \u0026 Soviet Studies""},{""value"":747929638,""label"":""Scandinavian Studies""},{""value"":747929639,""label"":""Science""},{""value"":747929640,""label"":""Slavic Studies""},{""value"":747929641,""label"":""Social Science""},{""value"":747929642,""label"":""Social Sciences""},{""value"":747929643,""label"":""Sociology""},{""value"":747929644,""label"":""Speech""},{""value"":747929645,""label"":""Statistics \u0026 Decision Theory""},{""value"":747929646,""label"":""Urban Studies""},{""value"":747929647,""label"":""Veterinary Medicine""},{""value"":747929648,""label"":""Other (Please Specify)""}]}],""multi_select_style"":""checkbox""},{""required"":false,""label"":""Other Discipline (if not listed)"",""description"":""\u003cp\u003e\u003c!--StartFragment--\u003eIf your academic field is not listed (for secondary/dual or minor/concentration), please indicate field(s) here.\u003c!--EndFragment--\u003e\u003c/p\u003e"",""fields"":[{""name"":""question_68521978"",""type"":""input_text""}],""multi_select_style"":""checkbox""},{""required"":true,""label"":""Transcript (Undergraduate)"",""description"":""\u003cp\u003ePlease attach your undergraduate transcript (may be unofficial version).\u003c/p\u003e"",""fields"":[{""name"":""question_68521971"",""type"":""input_file"",""allowed_filetypes"":[""pdf"",""doc"",""docx"",""txt"",""rtf""]}],""multi_select_style"":""checkbox""},{""required"":false,""label"":""Transcript (Graduate, if applicable)"",""description"":""\u003cp\u003ePlease attach your graduate transcript, if applicable (may be unofficial version).\u003c/p\u003e"",""fields"":[{""name"":""question_68521972"",""type"":""input_file"",""allowed_filetypes"":[""pdf"",""doc"",""docx"",""txt"",""rtf""]}],""multi_select_style"":""checkbox""},{""required"":true,""label"":""GPA / Degree Class"",""description"":null,""fields"":[{""name"":""question_68521975"",""type"":""multi_value_single_select"",""values"":[{""value"":747929484,""label"":""4.0""},{""value"":747929485,""label"":""3.9""},{""value"":747929486,""label"":""3.8""},{""value"":747929487,""label"":""3.7""},{""value"":747929488,""label"":""3.6""},{""value"":747929489,""label"":""3.5""},{""value"":747929490,""label"":""3.4""},{""value"":747929491,""label"":""3.3""},{""value"":747929492,""label"":""3.2""},{""value"":747929493,""label"":""3.1""},{""value"":747929494,""label"":""3.0""},{""value"":747929495,""label"":""\u003c3.0""},{""value"":747929496,""label"":""1st First Class Honours""},{""value"":747929497,""label"":""2.1 Upper Second Class Honours""},{""value"":747929498,""label"":""2.2 Lower Second Class Honours""},{""value"":747929499,""label"":""Distinction""},{""value"":747929500,""label"":""Merit""},{""value"":747929501,""label"":""Pass""},{""value"":747929502,""label"":""Other""}]}],""multi_select_style"":""checkbox""},{""required"":true,""label"":""Writing Sample"",""description"":null,""fields"":[{""name"":""question_68521973"",""type"":""input_file"",""allowed_filetypes"":[""pdf"",""doc"",""docx"",""txt"",""rtf""]}],""multi_select_style"":""checkbox""},{""required"":false,""label"":""LinkedIn Profile"",""description"":""\u003cp\u003ePlease provide your LinkedIn profile link.\u003c/p\u003e"",""fields"":[{""name"":""question_68521981"",""type"":""input_text""}],""multi_select_style"":""checkbox""},{""required"":true,""label"":""Practice Preference #1"",""description"":""\u003cp\u003ePlease indicate your primary practice preference.\u003c/p\u003e"",""fields"":[{""name"":""question_68521982"",""type"":""multi_value_single_select"",""values"":[{""value"":747929657,""label"":""No Preference""},{""value"":747929658,""label"":""Antitrust \u0026 Competition Economics""},{""value"":747929659,""label"":""Energy""},{""value"":747929660,""label"":""Finance""},{""value"":747929661,""label"":""Financial Economics""},{""value"":747929662,""label"":""Forensic Services""},{""value"":747929663,""label"":""Intellectual Property""},{""value"":747929664,""label"":""Labor \u0026 Employment""},{""value"":747929665,""label"":""Life Sciences""},{""value"":747929666,""label"":""Marakon""},{""value"":747929667,""label"":""Risk Investigations \u0026 Analytics""},{""value"":747929668,""label"":""Transfer Pricing""}]}],""multi_select_style"":""dropdown""},{""required"":false,""label"":""Practice Preference #2"",""description"":""\u003cp\u003ePlease indicate your second practice preference.\u003c/p\u003e"",""fields"":[{""name"":""question_68521983"",""type"":""multi_value_single_select"",""values"":[{""value"":747929669,""label"":""No Preference""},{""value"":747929670,""label"":""Antitrust \u0026 Competition Economics""},{""value"":747929671,""label"":""Energy""},{""value"":747929672,""label"":""Finance""},{""value"":747929673,""label"":""Financial Economics""},{""value"":747929674,""label"":""Forensic Services""},{""value"":747929675,""label"":""Intellectual Property""},{""value"":747929676,""label"":""Labor \u0026 Employment""},{""value"":747929677,""label"":""Life Sciences""},{""value"":747929678,""label"":""Marakon""},{""value"":747929679,""label"":""Risk Investigations \u0026 Analytics""},{""value"":747929680,""label"":""Transfer Pricing""}]}],""multi_select_style"":""dropdown""},{""required"":true,""label"":""Location Preference #1"",""description"":""\u003cp\u003e\u003c!--StartFragment--\u003ePlease indicate your preferred location.\u003c!--EndFragment--\u003e\u003c/p\u003e"",""fields"":[{""name"":""question_68521984"",""type"":""multi_value_single_select"",""values"":[{""value"":747929681,""label"":""No Preference""},{""value"":747929682,""label"":""Boston, MA""},{""value"":747929683,""label"":""Brussels, Belgium""},{""value"":747929684,""label"":""Cambridge, United Kingdom""},{""value"":747929685,""label"":""Chicago, IL""},{""value"":747929686,""label"":""College Station, TX""},{""value"":747929687,""label"":""Dallas (Plano), TX""},{""value"":747929688,""label"":""Houston, TX""},{""value"":747929689,""label"":""London, United Kingdom""},{""value"":747929690,""label"":""Los Angeles, CA""},{""value"":747929691,""label"":""Munich, Germany""},{""value"":747929692,""label"":""New York, NY""},{""value"":747929693,""label"":""Oakland, CA""},{""value"":747929694,""label"":""Paris, France""},{""value"":747929695,""label"":""Salt Lake City, UT""},{""value"":747929696,""label"":""Summit, NJ""},{""value"":747929697,""label"":""Tallahassee, FL""},{""value"":747929698,""label"":""Toronto, Canada""},{""value"":747929699,""label"":""Washington, DC""},{""value"":747929700,""label"":""Zurich, Switzerland""}]}],""multi_select_style"":""checkbox""},{""required"":false,""label"":""Location Preference #2"",""description"":""\u003cp\u003e\u003c!--StartFragment--\u003ePlease indicate your second preference location.\u003c!--EndFragment--\u003e\u003c/p\u003e"",""fields"":[{""name"":""question_68521985"",""type"":""multi_value_single_select"",""values"":[{""value"":747929701,""label"":""No Preference""},{""value"":747929702,""label"":""Boston, MA""},{""value"":747929703,""label"":""Brussels, Belgium""},{""value"":747929704,""label"":""Cambridge, United Kingdom""},{""value"":747929705,""label"":""Chicago, IL""},{""value"":747929706,""label"":""College Station, TX""},{""value"":747929707,""label"":""Dallas (Plano), TX""},{""value"":747929708,""label"":""Houston, TX""},{""value"":747929709,""label"":""London, United Kingdom""},{""value"":747929710,""label"":""Los Angeles, CA""},{""value"":747929711,""label"":""Munich, Germany""},{""value"":747929712,""label"":""New York, NY""},{""value"":747929713,""label"":""Oakland, CA""},{""value"":747929714,""label"":""Paris, France""},{""value"":747929715,""label"":""Salt Lake City, UT""},{""value"":747929716,""label"":""Sao Paulo, Brazil""},{""value"":747929717,""label"":""Summit, NJ""},{""value"":747929718,""label"":""Tallahassee, FL""},{""value"":747929719,""label"":""Toronto, Canada""},{""value"":747929720,""label"":""Washington, DC""},{""value"":747929721,""label"":""Zurich, Switzerland""}]}],""multi_select_style"":""checkbox""},{""required"":true,""label"":""Language Fluency"",""description"":""\u003cp\u003ePlease indicate below any languages with which you have business-level fluency.\u003c/p\u003e"",""fields"":[{""name"":""question_68521986[]"",""type"":""multi_value_multi_select"",""values"":[{""value"":747929722,""label"":""Chinese (Mandarin)""},{""value"":747929723,""label"":""Dutch/Flemish""},{""value"":747929724,""label"":""English""},{""value"":747929725,""label"":""French""},{""value"":747929726,""label"":""German""},{""value"":747929727,""label"":""Portuguese""},{""value"":747929728,""label"":""Spanish""},{""value"":747929729,""label"":""Swiss German""}]}],""multi_select_style"":""dropdown""},{""required"":true,""label"":""CRA asks colleagues to work in their designated office 3-4 days per week on average. Are you available to come into the office 3-4 days per week?"",""description"":null,""fields"":[{""name"":""question_68521987"",""type"":""multi_value_single_select"",""values"":[{""value"":747929730,""label"":""Yes""},{""value"":747929731,""label"":""No""},{""value"":747929732,""label"":""Possibly, I'd like to discuss""}]}],""multi_select_style"":""dropdown""},{""required"":true,""label"":""Start Date"",""description"":""\u003cp\u003ePlease indicate your earliest availability to start with CRA (not binding).\u003c/p\u003e"",""fields"":[{""name"":""question_68521988"",""type"":""input_text""}],""multi_select_style"":""checkbox""},{""required"":true,""label"":""Do you have data or research experience outside of classwork?"",""description"":null,""fields"":[{""name"":""question_68521979"",""type"":""multi_value_single_select"",""values"":[{""value"":1,""label"":""Yes""},{""value"":0,""label"":""No""}]}],""multi_select_style"":""checkbox""},{""required"":true,""label"":""Please indicate which programming tools you have used for coursework or classroom assignments? (Please select all that apply) "",""description"":null,""fields"":[{""name"":""question_68521980[]"",""type"":""multi_value_multi_select"",""values"":[{""value"":747929649,""label"":""STATA""},{""value"":747929650,""label"":""Python""},{""value"":747929651,""label"":""R""},{""value"":747929652,""label"":""SQL""},{""value"":747929653,""label"":""SAS""},{""value"":747929654,""label"":""ArcGIS/ArcPy""},{""value"":747929655,""label"":""Cloud computing (Databricks/Spark, Google Cloud, Azure, AWS – Amazon Web Services)""},{""value"":747929656,""label"":""None""}]}],""multi_select_style"":""checkbox""},{""required"":true,""label"":""Please indicate which programming tools you have used outside of classroom assignments (e.g., independent research, thesis projects, research assistantships, internships, or other relevant experiences)? (Please select all that apply)"",""description"":null,""fields"":[{""name"":""question_68522259[]"",""type"":""multi_value_multi_select"",""values"":[{""value"":747930540,""label"":""STATA""},{""value"":747930541,""label"":""Python""},{""value"":747930542,""label"":""R""},{""value"":747930543,""label"":""SQL""},{""value"":747930544,""label"":""SAS""},{""value"":747930545,""label"":""ArcGIS/ArcPy""},{""value"":747930546,""label"":""Cloud computing (Databricks/Spark, Google Cloud, Azure, AWS – Amazon Web Services)""},{""value"":747930547,""label"":""None""}]}],""multi_select_style"":""checkbox""},{""required"":true,""label"":""Work Eligibility"",""description"":""\u003cp\u003e\u003c!--StartFragment--\u003eAre you currently eligible to work in the United States of America?\u003c!--EndFragment--\u003e\u003c/p\u003e"",""fields"":[{""name"":""question_68521989"",""type"":""multi_value_single_select"",""values"":[{""value"":1,""label"":""Yes""},{""value"":0,""label"":""No""}]}],""multi_select_style"":""checkbox""},{""required"":true,""label"":""Will you now, or in the future, require CRA to commence (sponsor) an immigration case in order to employ you (for example, H1-B or other employment-based immigration case)?"",""description"":null,""fields"":[{""name"":""question_68521990"",""type"":""multi_value_single_select"",""values"":[{""value"":1,""label"":""Yes""},{""value"":0,""label"":""No""}]}],""multi_select_style"":""checkbox""},{""required"":true,""label"":""Privacy Notice"",""description"":""\u003cp\u003eCRA is committed to maintaining the accuracy, confidentiality and security of your personal information. CRA\u0026rsquo;s Privacy Notice describes the personal data that CRA collects from or about you, how it is used and with whom it is disclosed to.\u0026nbsp;Please click to view\u0026nbsp;\u003ca title=\""CRA\u0026rsquo;s Privacy Notice\"" href=\""http://www.crai.com/employee-privacy\""\u003eCRA\u0026rsquo;s Privacy Notice\u003c/a\u003e, and acknowledge receipt.\u003c/p\u003e"",""fields"":[{""name"":""question_68521991[]"",""type"":""multi_value_multi_select"",""values"":[{""value"":747929733,""label"":""Acknowledge""}]}],""multi_select_style"":""checkbox""}]},""jobPostId"":""8120300"",""urlToken"":""charlesriverassociates"",""submitPath"":""https://boards.greenhouse.io/charlesriverassociates/jobs/8120300"",""confirmationPath"":""/charlesriverassociates/jobs/8120300/confirmation"",""quickApply"":{""active"":true,""magicActive"":true,""url"":""https://my.greenhouse.io"",""metadata"":{""jobPostId"":8120300,""urlToken"":""charlesriverassociates""}},""seek"":{""applyWithSeekEnabled"":true,""isConfigured"":false,""isPreview"":false,""applyWithSeek"":null,""seekToken"":null}}},""actionData"":null,""errors"":null}};import ""https://job-boards.cdn.greenhouse.io/assets/manifest-09ecaf34.js""; import * as route0 from ""https://job-boards.cdn.greenhouse.io/assets/root-CkVfMif2.js""; import * as route1 from ""https://job-boards.cdn.greenhouse.io/assets/_url_token_.jobs_._job_post_id-CzZRoC2q.js""; window.__remixRouteModules = {""root"":route0,""routes/$url_token_.jobs_.$job_post_id"":route1}; import(""https://job-boards.cdn.greenhouse.io/assets/entry.client-BFNShcDs.js"");"
